OverallQual,GrLivArea,GarageCars,GarageArea,TotalBsmtSF,BedroomAbvGr,FullBath,YearBuilt,LotArea,SalePrice
7,1488,0,756,2248,2,2,2006,19582,495473
4,777,2,150,1580,1,3,1999,3287,301047
8,1719,3,110,961,1,4,2020,12957,564516
5,3463,2,479,2630,6,3,1964,5008,721494
7,2387,2,435,875,1,2,1967,12696,565986
10,983,0,46,2418,5,2,1951,10104,514642
3,1765,3,574,102,4,3,1992,1496,372016
7,3895,4,736,1001,2,3,1975,2463,798268
8,1230,0,365,1148,3,4,2020,13459,476231
5,2739,0,68,2845,4,3,1987,17877,604133
4,1540,3,298,1481,3,4,1991,18810,436736
8,3071,3,943,657,4,2,1954,10884,705388
8,1417,2,801,2929,1,1,1960,19177,561718
3,2948,3,295,1220,5,1,2014,3723,556026
6,4477,2,202,2780,3,1,1983,18042,863382
5,1385,0,60,422,4,1,1950,5761,342141
2,3252,1,945,2619,5,2,1951,8630,584351
8,521,4,962,170,3,1,1969,17375,397433
6,973,0,829,2220,2,3,2010,9741,435264
2,3691,3,313,2710,4,3,1970,5350,657799
5,2757,4,160,452,2,1,2017,1207,541046
1,2853,1,330,2397,1,3,1961,5190,499803
10,3841,1,527,1975,2,4,1971,2883,888007
6,1203,2,337,1657,2,2,1969,3886,413436
9,1186,4,605,2541,6,1,1950,17861,552747
1,784,2,303,2667,4,1,1979,9953,241679
10,1215,0,502,2966,1,2,1973,9381,549879
3,4247,4,649,2053,2,3,1963,14795,739339
7,1262,0,337,287,5,2,1985,18139,408913
4,1750,2,549,1641,3,2,2018,10638,449064
9,1447,4,638,1447,2,3,1973,5931,566965
3,2928,2,274,1913,1,2,2009,10855,535574
5,3007,4,163,607,2,3,2004,6724,592175
3,1530,2,442,456,3,3,1973,13420,327730
7,528,1,318,1764,1,2,1973,5060,355490
5,1406,2,588,1225,4,4,2003,5765,452323
9,3604,1,503,1235,1,3,1975,7553,782045
7,4217,2,685,1029,4,2,2015,8378,806611
2,3426,4,386,2671,1,3,1987,19073,622807
4,2626,4,969,2423,3,4,2014,18700,629657
9,4499,4,869,446,3,4,2000,8130,930821
2,3494,3,832,834,1,1,1984,4186,559441
10,3006,0,887,810,2,3,1992,6789,736238
9,1069,4,602,1424,3,3,1978,17122,517840
10,2506,1,749,1411,4,2,1986,18529,704756
5,4109,4,775,958,4,3,2007,8942,759482
2,4053,3,690,1475,5,1,2003,8548,689239
4,1953,1,493,2896,6,4,1988,17944,540033
7,1237,3,489,808,6,4,1991,19296,497975
8,3856,1,720,978,6,1,1977,19248,801921
3,1015,2,72,2463,4,3,1978,1296,335072
1,2500,0,508,725,5,3,1992,3409,392499
4,3670,0,389,2501,6,1,1952,2461,661775
2,2944,3,618,1216,6,2,1959,3268,539560
8,4060,0,856,2197,1,4,2008,18378,848921
4,538,3,294,1903,1,1,1963,7554,298614
2,3842,3,368,2806,1,1,1996,17391,656462
6,1386,3,955,778,2,3,1991,19899,444094
6,3344,0,795,972,6,4,1981,18801,666644
10,2704,3,864,2810,2,3,1981,19700,807551
4,1598,0,693,1538,5,1,1991,8358,386543
6,3431,3,548,1416,4,2,1981,18671,718394
2,2323,4,648,2123,6,4,1975,18502,534008
10,3701,3,849,598,4,1,1950,8637,820122
2,2210,1,567,224,1,1,2005,1660,364263
10,1473,3,186,1553,6,2,1951,9907,604974
4,3655,2,852,2160,3,1,1979,7922,678919
8,3593,3,769,2298,2,1,2020,12953,812871
7,4030,1,444,840,2,4,2001,19913,764105
9,2062,1,569,1814,6,4,1958,4970,636239
8,4278,0,362,713,1,4,1971,4407,817371
5,3396,4,122,1106,2,3,1983,10046,646930
2,3953,3,187,124,1,2,1998,15547,567935
5,3295,0,741,1092,5,4,1950,5760,654840
8,4011,4,679,2931,4,3,2022,19281,926226
10,4175,3,419,1279,3,3,2002,14465,907370
9,1488,2,625,1750,4,2,1989,5087,573096
9,520,3,251,29,4,2,1994,8607,404428
1,2850,1,618,2328,5,1,2017,5019,493755
9,1368,1,548,2971,2,3,1958,1815,564508
7,583,2,334,2017,3,4,1971,13563,407417
9,4345,0,91,2415,2,2,1967,14292,889502
8,2182,4,529,494,6,3,1992,17158,630765
1,2476,3,865,1609,4,4,1988,1922,481977
8,4024,1,62,717,6,3,2022,13929,802722
8,1910,0,661,1016,1,2,1955,15925,522179
3,2030,2,511,1337,4,1,1997,18648,419476
1,3828,1,138,605,2,3,1956,11979,531550
8,1069,2,697,374,4,4,2018,3722,462728
3,4463,3,184,2686,1,2,1965,6355,764396
3,1433,4,204,1960,5,1,1950,14301,395243
1,4098,1,771,1048,6,4,1986,3550,636139
5,3733,1,213,1357,6,4,1986,12141,727774
10,2480,3,255,115,2,4,2013,19057,684987
7,3734,0,134,2095,4,3,2011,12284,771423
10,2355,4,572,1801,2,2,2021,19050,735471
9,3556,1,874,2146,5,4,2010,2384,857860
7,1292,4,821,1482,4,3,1982,9252,513631
9,1291,1,87,1546,4,2,2015,8238,512536
8,4095,4,835,1620,2,2,1979,7026,863422
2,2309,2,987,2452,2,3,1969,11482,468263
1,1794,1,206,684,1,3,2009,14801,314539
7,3039,4,128,2950,5,4,2023,17120,793543
7,2755,0,822,2550,1,2,1973,16580,667913
8,4110,2,2,1471,6,1,1953,9664,808200
5,2107,2,973,2941,4,3,1986,18342,585871
3,1583,0,933,1599,2,2,1953,1493,354757
8,2977,4,753,2305,4,2,1967,17465,745844
6,1484,3,120,2891,4,4,2015,7999,548631
3,2180,0,384,2168,3,1,1997,14833,469347
1,4176,4,613,809,6,4,1982,3970,666818
3,3880,0,37,977,3,1,2007,1011,625701
5,1019,0,340,2101,4,1,2022,16551,396701
3,1090,1,924,1354,2,3,1977,18145,314976
1,1550,4,644,783,4,2,1984,4185,332788
5,2209,3,713,240,6,2,1959,17409,477861
10,4133,1,859,1778,3,2,2014,2806,930576
7,2535,0,20,1553,2,1,1991,6664,597141
7,2746,0,241,482,4,2,1958,15126,567174
9,2934,0,454,1012,5,3,2009,13894,719408
10,848,4,962,186,6,1,1964,6154,495065
10,1459,4,620,1881,6,1,2006,14767,609630
3,2463,1,302,2703,5,1,2018,16226,516977
7,1192,3,595,2309,4,1,1971,2525,499044
1,2059,1,594,952,6,3,2013,1760,404695
4,4399,2,802,1387,2,2,1990,17978,742956
4,877,0,963,490,4,3,2020,14880,296249
5,3446,0,68,430,4,2,2005,2055,618149
7,3463,0,128,238,3,3,1972,11046,665764
7,4129,1,195,2351,6,4,1974,4083,867379
4,1026,1,139,2345,6,4,1955,16678,387369
7,3724,0,443,75,5,4,1983,13108,726761
3,3281,1,282,1356,3,4,2012,10650,572574
6,2753,4,311,1923,3,1,1958,6957,637097
2,3002,4,745,1781,6,1,2009,6255,563814
10,3844,1,534,2689,4,3,1998,10411,934791
9,4465,0,664,826,3,3,2000,17344,881240
5,1759,1,276,2330,5,4,2009,10691,504342
6,2375,1,60,590,3,2,2019,19214,539246
4,2263,1,318,2119,5,4,1986,4395,547826
10,1020,2,889,2750,3,3,1980,2203,576426
7,2201,4,51,1902,5,4,1990,4044,615672
9,1516,3,855,1910,3,3,2011,8272,613359
7,3503,3,152,574,3,4,2007,4514,731159
1,4402,2,748,891,2,2,1963,10990,635135
1,3273,1,310,2059,5,4,1985,7192,573600
9,1513,2,813,140,5,2,1985,11767,525081
9,3048,2,543,1789,5,2,1957,17528,738897
4,616,0,566,16,1,3,1975,8507,241947
9,2933,4,863,1086,3,2,1985,5857,749612
3,1867,3,388,252,5,1,1997,13118,383807
7,1083,1,547,464,6,1,1977,18761,420302
6,894,3,621,375,1,1,2017,4146,360932
8,1587,3,176,1827,2,3,2011,18177,543148
9,4288,4,361,519,5,1,2000,6756,859452
5,3268,3,313,1860,5,3,1991,5414,695008
1,571,3,806,89,1,3,1978,18494,177525
3,4360,2,847,719,3,1,1959,4937,698375
10,773,4,96,2851,6,2,1988,4963,560335
8,2513,0,880,2843,2,4,1950,6897,690555
6,1843,1,212,629,5,3,1988,9974,459669
8,837,3,828,1884,3,1,1970,15377,481877
9,1889,1,136,75,6,3,2014,18500,545715
4,4066,0,5,925,6,2,1964,17056,655797
1,1106,1,108,2447,2,2,1953,2750,258801
1,665,0,546,1805,4,1,2009,5027,216592
10,2067,2,38,969,6,3,2010,12528,632753
4,2558,3,661,1094,4,4,1969,6745,564253
7,1824,0,424,2028,6,4,1959,10679,548998
2,1228,1,629,1404,2,3,1983,6938,316501
3,3348,3,260,2844,1,3,1997,13150,636578
1,2543,2,425,194,2,3,1982,14406,401584
5,601,3,86,227,2,1,2010,18743,280085
1,3996,0,464,1459,1,2,1959,5853,575681
8,1915,2,75,460,1,4,2003,19325,536636
1,1278,1,470,617,3,1,2014,4148,228933
1,713,2,975,63,6,3,1950,17243,200305
2,4262,2,962,2212,3,3,1954,8933,716098
2,1611,4,413,2074,1,2,1964,10436,368123
6,2076,2,824,284,4,3,1977,18669,512690
7,2948,2,894,1683,4,1,1972,7474,696574
5,3135,3,725,2328,2,1,1966,15679,655195
1,3436,1,456,837,5,2,1962,12228,520239
1,3617,3,284,830,2,1,1963,1770,543295
3,2195,3,238,1187,2,4,1960,2843,458169
2,4034,0,676,2965,5,1,1977,1073,680988
5,1091,3,598,223,6,1,1991,19044,378130
10,1833,4,652,783,1,1,2010,17059,626344
6,1609,4,671,949,4,4,2013,9000,500137
7,2639,0,557,44,2,3,1980,14273,543667
4,4231,1,371,1810,5,1,2022,17121,753890
7,3220,1,494,470,3,2,1959,1331,664334
8,1213,3,623,2081,2,4,1957,18805,516009
1,1435,3,918,2700,4,2,1970,8512,351578
6,2451,3,44,829,1,1,2008,5931,543052
8,741,1,400,1909,2,2,1999,13742,442315
5,2543,2,246,2268,2,1,2018,14426,592175
4,4436,4,615,1891,6,4,2019,6113,831913
2,501,2,596,2581,5,2,1979,9419,285479
6,2772,2,449,691,3,2,1966,3881,589606
6,3348,1,484,1390,3,1,1969,14145,672087
1,2268,2,645,931,1,1,1997,14556,359722
9,2449,0,619,840,4,3,2022,3575,654951
6,3136,3,17,1938,1,1,1951,13714,657421
3,2663,0,605,1573,2,1,1986,7185,487589
4,4237,4,661,2629,2,3,1950,9656,768795
4,1417,3,757,2286,3,1,1953,6741,426632
3,3674,2,288,2488,4,1,2003,17661,662865
10,2741,4,413,147,5,3,1974,1065,719682
3,3737,3,720,1032,4,4,1952,5262,664836
3,3418,2,637,1311,2,4,1958,6704,598987
4,589,0,234,387,5,1,2023,16355,248245
7,2209,3,415,1873,4,1,1983,9594,586469
4,2669,2,937,915,4,3,1992,13175,536542
9,642,0,498,1878,5,3,2023,13696,474424
1,3541,4,973,2685,2,4,1971,7255,627827
8,605,4,633,277,4,2,2019,8441,413670
7,1386,4,649,1977,5,1,1951,15986,497660
2,927,4,114,1859,6,2,2015,14350,310290
8,1828,1,931,1825,6,2,1981,15440,597241
1,2395,3,673,2636,2,3,1965,8960,487402
9,2494,3,712,1833,5,1,1950,18821,685622
9,816,1,233,2696,6,1,2021,14665,529926
2,2486,2,539,617,5,3,1997,7629,441130
7,1134,2,10,1630,4,2,1999,14828,469714
10,2425,4,205,2182,2,3,1962,5541,739335
3,2556,0,678,579,6,4,1964,8876,493118
7,3321,2,246,1170,4,1,2002,14311,707656
10,3644,0,558,489,1,4,1993,15588,778434
9,3930,3,757,2525,1,3,1957,17648,868563
4,2770,0,126,1182,2,1,2023,13380,518545
1,1939,3,146,383,6,4,1995,10877,369584
2,1052,1,117,162,6,4,2018,18818,284058
1,3941,1,910,2488,6,2,1968,6097,671891
5,1215,4,381,1876,5,1,1987,19044,436342
5,1787,2,411,1212,4,4,1960,19738,471358
7,4411,4,663,2462,6,4,1992,7461,924983
9,2213,3,583,1362,4,2,1969,8044,659665
9,2383,4,362,1630,2,4,1969,6497,695733
3,3889,0,508,1204,6,4,1970,14751,646715
3,1607,3,136,287,2,4,2006,10304,362092
3,1841,1,174,1857,6,2,1999,11426,446820
4,610,2,288,186,1,4,2023,12058,270249
8,750,3,957,1907,3,4,1975,12260,491894
6,2930,3,480,1161,2,1,1979,19563,606168
8,2554,0,18,129,6,1,2022,1634,598949
1,958,2,194,2241,3,2,1980,11057,283639
8,1607,1,329,2363,2,3,1991,14345,541534
4,707,3,935,1887,5,1,2017,11147,345688
1,1399,3,174,143,6,2,2010,19602,287225
8,3961,0,448,15,5,4,2010,2389,760342
4,3885,4,924,2470,1,4,2019,14071,758891
6,521,1,945,244,6,2,2017,12322,313228
8,909,2,353,926,1,4,1966,5276,414971
4,1394,3,498,2176,3,4,1968,13306,448989
3,1014,3,140,906,2,3,2000,2249,289133
9,3698,1,757,886,4,4,2019,18629,821436
3,1308,4,896,340,1,1,2012,9245,319372
9,4271,3,929,2051,4,4,1979,12102,934251
2,1373,1,92,1433,4,2,1974,17226,319561
2,513,0,943,305,2,3,2020,11588,184270
2,1470,4,238,907,3,4,1975,1442,365310
6,3525,2,204,2654,2,2,2005,7976,732878
3,3561,3,559,1371,6,1,1971,5675,648752
9,3583,1,432,320,1,4,1968,12803,750102
4,2634,0,244,558,4,3,1980,8953,508883
1,4095,2,831,1204,2,4,1975,5377,613222
4,3456,1,316,2665,2,2,1991,11599,644011
1,2060,1,924,2758,2,3,1990,8058,414204
5,1824,2,294,1409,1,4,1972,18206,454219
4,1766,0,639,1641,3,1,1996,12894,415678
8,2669,0,855,1131,2,3,1962,3939,636815
8,3718,4,281,2578,1,1,2015,2031,852889
7,4138,3,16,2457,4,2,2015,11208,848081
3,1249,2,70,817,6,4,1965,1562,331997
1,3927,2,268,1194,5,1,2022,11730,616259
1,1184,2,324,2540,1,2,1977,17724,280453
3,2427,0,793,11,5,4,1984,17152,449940
6,4304,3,304,194,2,2,1990,14998,746151
7,4202,4,450,2537,2,1,1980,19680,847605
6,2856,1,6,2842,1,2,1981,17618,646855
6,1194,1,313,2928,5,3,2003,10308,483855
6,2835,2,816,2229,2,4,2021,10609,679513
3,806,3,102,655,4,2,2008,18675,256931
6,4383,0,820,1921,3,1,1990,9720,788268
8,4165,3,192,2741,3,4,2015,11172,924729
2,2489,3,752,2077,2,3,2003,15457,523201
5,3461,0,573,1619,5,4,1989,3939,667889
1,4294,2,528,1119,6,3,1977,15345,663383
1,1161,3,170,777,2,4,1986,17158,263169
5,1048,1,536,443,6,2,2014,6435,357340
3,3923,0,250,297,6,2,2023,6392,628699
4,811,4,764,807,5,1,2004,8972,347957
3,3420,2,386,1760,6,3,1953,18617,613348
1,1582,0,206,844,4,1,1959,15799,256727
1,4214,4,540,1015,5,2,1996,16052,650734
5,3471,4,628,1384,2,3,1963,7044,673500
6,2237,3,415,1397,4,1,1987,15415,549511
3,1254,3,793,553,1,1,1961,18274,307039
9,534,3,379,2350,3,1,1994,14858,478330
5,944,0,143,420,2,1,1966,18572,282646
8,2640,0,24,1269,2,1,1984,6644,591095
1,2482,2,821,1260,2,3,2015,18124,458745
5,1730,3,667,184,4,1,1990,18753,438504
3,852,4,72,467,1,3,2016,19384,265063
1,1402,1,631,2801,5,1,1978,18855,347368
4,1855,2,823,2410,1,2,1967,18920,475410
5,4388,0,832,1306,4,2,1969,17702,759567
7,3409,2,92,1576,2,1,1963,6153,690514
1,2248,2,504,335,3,4,1983,2894,359653
3,658,2,597,2209,2,2,1998,8991,305798
2,2477,2,335,1497,5,3,2003,16439,476752
9,1456,1,424,2059,6,1,1980,10467,574005
10,2571,3,498,1447,3,3,2007,6935,736761
6,903,4,363,587,2,4,1991,18107,390641
10,3352,2,946,1881,3,1,2007,3329,825879
3,1015,2,629,200,6,2,1979,10327,301537
8,3279,2,744,521,1,3,1974,3770,719339
8,1887,3,198,1887,4,2,2012,5846,603831
2,3953,0,717,2552,2,2,1968,17651,659423
6,3079,0,412,1711,5,1,2021,17276,643624
7,1455,1,338,787,1,3,1957,15633,443075
2,2699,0,658,59,2,4,1952,14628,408218
10,4133,2,961,577,1,2,2016,1569,896637
2,2212,2,936,320,5,1,1966,2973,382248
10,3494,2,428,1458,2,1,1963,3822,785586
1,1107,1,782,2037,6,4,1958,1270,306923
8,4188,2,898,922,6,1,2011,17320,859386
1,2967,0,138,1409,5,2,1970,8641,479380
9,1773,3,692,1694,3,1,1986,9930,611760
6,3688,3,941,568,5,3,1960,7680,720090
7,3413,4,541,1101,3,3,1969,2257,750012
10,2035,0,56,526,2,2,1984,9250,559763
7,4311,2,231,2571,3,3,2002,6370,885011
10,3125,3,657,2660,2,4,1996,5858,846121
3,2882,0,434,2172,2,1,2001,9581,517085
2,1941,3,383,870,4,2,1957,14491,367592
9,3479,2,559,279,2,4,1953,13436,732744
8,2297,3,193,2964,3,1,1976,13870,656685
10,794,4,735,2669,4,4,1993,17504,570851
7,1254,4,647,2893,4,2,1989,7908,534927
9,1894,3,533,1892,2,2,1996,11844,626108
4,685,0,517,1751,5,4,1993,19687,320986
4,1769,0,715,673,5,1,1997,5861,416142
1,1136,0,750,1151,6,3,2001,3911,260721
8,1791,3,184,2361,4,3,2017,9991,605238
3,4214,0,871,331,2,4,1960,12572,652906
7,3808,2,291,1173,5,2,2022,11298,768567
2,1029,4,334,2039,2,1,1953,8236,289877
2,4123,2,731,1477,2,1,2022,6565,651098
7,2568,0,115,35,4,2,1997,18493,556758
6,3458,2,824,1708,6,3,1975,7929,729279
3,4308,0,48,1443,4,1,1988,18634,660539
9,3414,3,684,2253,1,4,2007,19033,821851
10,1293,2,81,2686,5,3,1968,8351,593090
6,4091,3,833,2895,5,4,2007,15901,886064
10,2647,3,332,1379,5,3,1977,11638,741292
10,3299,1,556,439,3,2,2015,6828,744659
6,977,0,334,2776,2,4,1959,12556,429190
1,2122,4,531,1119,4,4,2007,19099,429665
4,3869,0,959,2988,5,2,2022,9150,749212
10,1439,4,220,163,1,4,1963,11107,558489
6,1025,0,634,147,5,3,1964,2757,360533
6,2881,3,745,2341,6,1,1982,19193,701066
5,501,2,732,194,2,1,1966,12199,273843
1,874,2,322,662,2,2,1973,17295,184765
8,2840,1,850,479,4,3,1979,13807,648912
5,3384,4,2,122,3,4,2011,18535,651240
5,3552,4,693,1423,4,4,1962,6492,703339
7,1052,4,205,2746,5,1,2011,7302,524556
4,2865,3,831,964,6,4,1996,16929,593796
6,2025,4,39,2708,1,1,1965,5747,571051
4,2351,2,58,1778,4,2,2015,15238,531277
3,880,3,950,1485,3,4,1992,9402,355902
7,2146,0,573,2014,4,3,1957,11686,556825
8,513,4,643,709,2,4,1952,5681,408969
4,1003,4,506,2443,5,1,1961,19891,400530
2,2778,0,571,911,5,2,1965,4428,445528
10,2508,4,883,1360,5,1,2008,8494,757584
3,3655,0,842,2364,5,4,1998,4955,683696
1,629,3,121,1734,5,1,2012,15026,225726
8,4314,2,478,1823,5,1,2011,10244,869088
3,1337,0,618,1579,1,2,1998,1713,332236
10,3716,1,95,680,3,3,2000,12080,795274
7,3438,0,858,1333,5,4,1982,9521,740320
10,4428,4,413,2542,3,2,1979,2746,971925
5,2540,3,234,555,6,3,2008,18591,559001
10,527,3,897,609,5,1,1964,18168,441068
5,2613,0,61,2156,4,3,1972,3696,583259
7,3734,2,255,371,5,1,1994,13012,740416
9,1752,1,560,2902,2,1,2011,15688,616260
5,760,3,904,615,1,2,2020,6036,349188
1,2546,4,347,2815,4,1,1964,8127,488581
10,1972,4,670,1914,4,2,1995,4718,681653
10,1947,2,123,2253,2,3,2013,8910,664039
1,959,3,481,846,5,3,1995,3693,254341
2,4247,0,316,42,1,1,2005,18009,602358
6,800,4,503,864,4,2,1993,16858,368301
9,3466,2,718,1268,1,1,1978,16932,782451
8,3874,3,47,1378,4,2,2011,8692,798005
5,2834,3,408,784,5,2,2001,7398,608123
1,3966,3,931,475,6,2,2003,8252,615109
7,3581,3,135,82,4,3,2006,12721,697447
5,4278,3,200,1133,6,2,2015,18939,785839
6,1129,4,249,2237,4,3,1971,12825,457845
7,769,2,313,799,3,2,1969,5187,389235
3,3139,3,868,935,5,3,1982,1036,583366
10,2493,1,367,2298,2,4,2021,19171,746036
3,2128,1,428,2338,6,3,1974,7283,493089
5,2301,2,829,1668,2,3,1995,16202,533362
6,3391,0,806,325,5,1,2022,9060,639444
9,1361,0,479,1534,2,2,2006,9065,515496
5,3932,0,313,1985,5,4,1954,4880,735693
1,1780,1,499,1964,2,1,2004,6932,366304
4,2680,0,720,836,6,2,2010,9328,534473
5,3847,4,354,507,3,4,1957,7333,723390
10,2299,3,484,2778,2,4,1965,14870,749030
10,2206,1,210,2119,6,4,1997,12268,717576
5,3519,2,703,1270,4,2,2010,6067,666341
7,3060,2,43,640,5,4,1964,16616,667025
4,2860,3,540,2987,1,4,2014,13075,636794
1,1075,1,570,1878,1,1,1971,18045,253533
5,3433,0,582,607,5,3,1952,8973,640346
7,2503,0,91,1958,3,2,2003,11002,598771
10,1807,4,264,565,2,3,1963,8887,593903
10,3692,4,894,1367,3,1,1985,1414,872258
6,3678,0,219,2101,1,3,2016,7850,740770
5,2456,2,901,1753,6,4,1959,3729,610207
4,3234,2,924,2575,5,4,1998,12929,697935
2,2520,4,441,2658,5,2,2014,15988,556990
4,3775,3,400,1581,3,2,2006,4897,676875
10,2712,0,399,1986,6,2,1976,3169,738318
10,2852,4,726,2240,3,1,1954,14563,773052
3,4068,4,990,2105,2,2,2020,19262,759095
10,2155,0,898,128,4,1,2006,13888,595091
1,2079,0,788,1872,6,4,1964,5570,415199
8,2347,2,575,705,4,3,1979,2515,622473
5,2703,3,857,851,2,4,1969,17958,561703
4,1890,3,803,7,4,4,1986,13634,424542
8,2242,0,489,2076,1,4,1952,14798,615293
7,2425,1,484,1135,4,2,2022,5477,617480
2,1119,4,756,2994,2,2,1990,17455,373600
1,1774,4,469,2178,4,2,1988,10551,381773
4,1456,0,573,2235,5,3,1975,15179,404668
8,2439,1,937,1698,3,2,1951,1039,644523
2,4453,2,843,2756,1,1,1972,11222,717392
3,2881,0,681,1498,5,4,1972,17116,539711
1,4213,0,444,2259,5,3,1965,19284,675269
1,1468,4,268,1644,2,3,1958,19601,312853
3,3058,0,266,275,3,3,1962,17049,498843
5,1816,0,53,1702,3,3,1977,5796,438602
3,1543,0,527,1795,6,3,1976,5606,380252
1,781,4,519,242,1,1,2000,18667,206386
1,3344,2,615,2732,2,4,2013,9775,582429
8,3572,2,58,170,1,3,2001,15864,715662
10,2666,0,824,652,6,4,1987,15193,732815
2,1558,4,39,1932,4,2,2014,15676,371747
3,697,2,236,2235,5,3,1967,11457,305440
2,3032,2,954,1109,1,3,2012,18199,522307
3,4328,2,385,1499,5,4,2000,17044,734324
7,1582,4,605,2099,2,3,1958,16066,537875
1,3384,4,733,2158,4,3,1962,19895,611862
10,1684,0,715,1972,2,3,1989,1246,618411
8,1508,3,649,2924,4,1,2004,7516,598527
10,3238,2,299,1066,4,1,1992,17800,767428
10,1729,3,394,2258,5,3,1993,14342,658520
10,1535,4,206,2035,2,1,2017,17491,626957
2,989,4,335,857,2,2,1982,10030,266897
3,775,4,592,2674,1,3,1973,2421,342819
9,3240,3,729,1049,2,2,1985,13970,758585
7,2789,4,513,298,1,4,1959,8283,633639
4,1739,0,177,923,3,2,1969,16945,369724
10,1774,4,395,136,3,4,1961,1255,589505
5,4382,1,370,1043,3,3,2011,12019,748435
2,625,3,857,2487,6,4,1967,16487,328491
8,716,1,790,210,2,4,2012,10029,392638
4,3877,4,657,2799,6,2,1974,3282,756685
9,4368,0,317,1574,2,2,1961,9744,866980
5,1708,2,735,2482,1,2,1970,18861,499727
9,3610,4,368,779,6,3,1974,10919,805104
4,1746,0,383,1230,6,3,1960,14335,427866
10,3755,3,61,2486,6,2,2013,1591,925564
5,3042,1,805,1802,4,3,2022,7277,654846
9,2974,1,504,2713,1,3,1999,3260,776549
8,3749,1,238,1065,3,4,2011,12139,783806
3,1418,3,194,410,1,4,1998,1347,346356
1,3999,0,677,2853,4,2,1963,5443,630367
3,1817,3,962,2657,2,3,1950,12088,467399
4,4423,1,221,426,1,4,1974,9774,700971
2,2698,4,60,1471,6,1,2008,7869,492021
1,2931,2,128,2949,3,3,2021,3845,551585
7,2161,3,989,941,3,1,2018,13386,597144
8,4384,3,684,1907,2,2,1954,2265,881217
7,807,0,991,741,1,3,1968,13445,381260
5,1859,0,155,1392,4,2,1972,13938,454075
1,2469,3,916,1243,2,2,1958,12159,439268
7,3293,1,377,1600,1,2,1999,3274,685870
7,1391,2,621,1255,5,2,1965,19854,498698
9,874,0,780,327,3,2,1982,11482,429080
3,3579,1,922,1466,4,3,1951,19961,630221
9,2533,4,867,2099,6,1,1963,2068,713641
1,1864,0,902,1966,4,3,1950,15706,378508
1,628,1,789,375,6,3,2007,6974,204028
4,1514,1,585,262,4,3,1965,11928,359218
9,2299,2,998,266,3,4,1996,2950,650990
6,3216,2,436,2406,6,4,1993,11411,715652
3,3923,4,974,1944,1,3,1963,14388,715826
1,1881,1,206,1893,6,1,1973,18771,351816
4,1016,1,387,1901,2,3,2004,5274,374999
9,2018,2,479,2699,1,2,1964,3285,644333
3,585,0,790,1652,2,4,2021,8045,261343
9,1698,0,886,1444,4,4,1983,2618,574258
7,4373,3,837,45,1,3,1951,11979,803075
4,3764,2,983,599,4,3,1976,9562,679030
3,2858,3,339,719,5,1,2023,13026,546617
10,1642,2,868,1912,4,1,2021,8843,646122
5,3789,4,339,1292,4,2,1972,10895,703664
5,2974,1,203,600,2,3,2017,12966,578876
3,2493,4,160,380,6,3,1963,18732,470372
9,3985,2,539,117,5,3,2012,6289,843141
4,2661,1,391,2163,4,4,2014,19806,567001
5,3716,0,768,259,4,2,2017,19812,677616
4,4109,0,676,1098,5,1,2012,4033,702156
5,4219,3,574,1503,5,4,2013,9860,824893
7,802,2,533,2352,1,4,1981,8813,439700
9,3291,2,69,2054,2,4,1962,18798,767616
7,4452,0,892,365,5,4,2015,14860,850061
5,1087,4,404,1657,5,2,1968,15294,409455
10,1486,1,607,2570,3,3,1973,4621,598812
10,2363,4,674,1461,6,1,1960,18138,718497
7,844,4,590,2024,5,1,2008,3347,453274
10,1313,0,516,2476,2,4,1964,15882,599010
5,2487,0,827,790,6,4,1959,18110,543802
3,3348,0,119,746,6,2,1990,5923,547862
7,3572,3,813,2414,4,4,1976,16611,824796
2,3718,4,689,312,4,1,2009,16367,598459
9,1810,2,687,537,4,1,2022,10066,551978
10,2499,1,901,920,4,3,2001,4279,700377
10,2177,3,216,1077,3,3,1977,4807,640453
1,3624,2,55,1490,5,1,2014,14965,584550
6,1827,4,365,2912,4,1,1966,17123,570990
7,1592,0,698,2829,1,2,1993,17991,513303
8,2908,4,503,2381,4,2,1959,1634,728989
10,4173,1,743,797,5,1,2012,13771,878569
9,3791,3,766,347,4,4,1996,18458,828041
2,1509,3,924,272,3,3,1987,19298,336922
10,1203,1,454,719,2,1,2019,15340,504253
2,1074,2,103,1773,2,4,2002,1588,295470
5,2108,2,76,2547,5,1,1993,4231,555983
5,3732,3,229,684,2,3,2023,7351,707417
6,4252,3,913,2126,2,3,2003,4838,854474
3,1612,0,257,621,1,2,1969,2973,303643
8,1187,2,263,2039,5,2,1980,15346,512126
1,3328,1,330,946,5,2,1956,6044,513060
6,3132,2,992,2405,2,2,2007,11247,692968
4,4328,0,181,2665,2,3,1959,12672,745435
1,3136,3,892,506,2,4,1959,11271,511643
7,3730,3,767,1582,6,4,1988,7683,820977
9,988,0,549,2623,3,4,1977,12244,509047
4,3518,1,687,243,4,1,1979,7783,605771
4,1847,3,26,505,3,2,1986,6594,427001
6,4181,4,275,421,5,2,2016,4822,780343
3,3952,3,651,2264,1,3,1992,4389,719380
6,3673,4,298,1872,4,3,2001,6914,789315
7,993,0,956,1192,1,1,2005,19164,384776
10,2167,0,798,329,6,1,2017,4688,623506
10,2137,3,90,649,5,4,1958,15683,637436
3,518,2,479,1464,6,3,1972,14080,272822
7,4025,4,572,390,5,2,2012,10916,783354
3,4053,1,457,1519,1,4,2010,6037,686455
2,4165,3,450,380,1,2,1989,14453,626359
10,2944,1,364,741,1,4,1993,9640,743185
4,1500,3,858,2010,5,2,1973,1081,442162
8,3850,2,674,819,2,1,2000,7278,796995
9,1350,2,350,672,1,4,2007,17078,496564
7,1888,2,654,2560,6,2,1982,16536,612275
1,1854,2,399,1771,4,2,1965,18790,353264
3,4212,0,252,2996,5,3,1971,8410,752797
9,1867,0,780,1211,6,4,2006,16926,619198
1,1321,4,880,929,3,2,2011,16500,307291
9,954,1,802,1539,3,3,2020,2480,487840
8,2124,3,458,912,4,2,2021,10271,612399
1,3272,3,698,643,2,4,2019,4598,522910
6,4226,0,916,426,1,1,1979,16032,706278
5,3636,3,498,501,5,4,1972,8993,702034
6,3647,0,949,729,6,4,1981,11895,729521
10,1210,4,970,1283,1,2,2006,16367,557266
5,2690,1,925,2118,6,2,1958,8644,607818
6,1416,4,507,2525,5,4,1980,12948,529973
5,4486,2,303,456,3,3,2020,19142,758945
5,3375,2,500,2236,1,3,1958,3599,689778
4,3152,2,802,290,4,3,1962,6813,570971
3,1996,4,597,919,2,2,2007,4853,447653
3,1940,3,165,2339,4,2,1952,19676,457699
4,804,1,414,1969,2,4,1984,2501,337989
9,1235,2,461,755,6,1,1970,9422,514691
2,4068,2,919,1658,1,2,2013,8550,673763
9,2838,2,113,1834,1,4,2001,5250,742058
1,2463,1,432,1306,2,4,1983,7991,421908
1,2649,2,991,1567,3,1,1984,17498,444006
5,2509,1,355,1869,5,3,1964,5406,566975
6,3838,2,927,376,4,4,1955,19731,721249
6,3414,4,694,1179,6,4,1981,2041,745626
3,3515,4,206,507,4,4,2001,7927,613656
7,4193,1,767,1436,4,3,1977,17395,814082
9,3521,4,234,2575,6,3,2013,8871,872710
10,3389,1,441,558,6,1,1968,7375,770110
8,1461,4,354,2307,1,2,1964,4676,566537
6,3489,4,514,420,4,3,1955,14017,686130
8,4348,1,207,1552,5,2,2022,4065,879547
5,1526,3,708,303,5,2,1987,3036,419068
8,2632,4,852,941,2,3,1975,4046,653149
10,4365,2,124,2589,6,4,2000,17924,994116
4,2875,3,137,1301,1,1,2022,1076,574055
10,3363,1,338,1089,5,2,2002,16880,803378
8,1973,3,536,2155,3,4,2005,17407,621314
10,3001,0,67,2315,1,3,2008,18059,751626
2,2447,0,572,2269,1,2,2019,5267,451333
5,3176,4,540,1827,5,2,2007,6988,682745
9,3792,4,382,1553,3,2,1962,9680,825772
4,1677,2,18,692,2,4,1992,2485,383671
6,1164,3,682,254,5,4,2000,15713,430895
1,511,0,449,1478,3,4,1968,3419,165116
9,1656,4,73,2300,1,2,1970,16312,597575
1,803,3,572,256,3,2,1973,4495,196433
5,3864,4,938,2430,1,1,1975,18140,760491
4,3522,4,664,441,5,1,1994,11716,638334
3,3871,0,275,1881,6,4,1977,13442,691948
6,2263,0,47,2646,5,4,1978,19163,605866
2,3330,4,210,1113,4,3,1966,13961,571714
3,542,1,854,2437,4,4,2017,11307,320273
5,1443,4,919,581,4,1,1993,7487,433346
9,2890,4,650,1735,5,1,2010,10664,745918
2,1849,2,621,2645,2,1,2017,17360,407936
10,4385,2,993,18,5,2,2023,17642,911547
8,3045,2,694,1124,6,2,1974,5075,716566
2,2911,1,539,2654,3,4,2016,18502,559701
5,1390,1,708,1380,5,3,1951,16285,439894
7,2974,4,190,1565,5,3,1998,8631,688491
8,1504,2,314,2080,1,3,2019,4017,537214
1,520,1,900,1993,1,2,1975,19042,208721
6,906,0,562,1547,1,1,2021,19181,367845
1,3166,4,660,861,5,1,1976,1784,515444
2,1514,3,779,154,2,2,1967,6691,296975
1,835,4,561,904,3,3,2003,16765,232156
5,2338,3,899,1269,3,3,1950,4196,552592
10,3688,2,757,404,6,4,2010,10552,854820
9,1647,3,112,843,2,4,1952,9532,547083
6,2946,2,169,1782,2,3,2017,17946,634646
1,3340,0,467,1564,3,2,1990,5746,515920
1,2327,3,677,1184,4,3,1986,3999,429261
2,1214,4,920,746,1,4,2000,18577,328136
9,550,2,13,1725,1,3,1964,12302,443147
3,4354,4,714,270,3,2,1957,17452,707870
1,823,1,287,769,2,1,1987,16595,185764
5,1288,2,906,1715,6,2,2005,19812,434998
7,640,3,188,1510,4,2,1996,7200,383730
6,969,2,913,171,3,4,1959,6396,378697
1,1286,4,154,273,1,2,1998,14410,262512
5,2325,0,566,2306,5,2,1990,14203,573999
5,1857,2,693,1158,2,4,1979,4598,484163
6,2416,3,721,1706,5,4,1954,11564,627248
3,1463,1,887,1771,6,1,2020,13748,400180
5,3555,0,470,421,3,3,1980,17957,611280
7,872,1,74,1444,1,2,2001,8636,408043
5,4135,2,276,1209,4,4,1972,18862,763663
5,3041,4,939,2411,5,1,1997,11265,683459
5,4110,4,644,2425,4,3,1989,10705,803167
10,2192,3,342,579,6,4,1955,15298,672877
10,3298,4,424,890,1,3,1987,19580,782521
3,1679,0,570,721,5,3,1990,10703,359749
1,2838,4,510,880,6,2,1976,14336,497726
5,2171,3,856,1121,4,2,2018,9166,542995
9,3715,2,181,2652,4,4,2006,17116,866537
1,605,2,457,2007,5,3,1966,7050,242794
3,1943,4,917,2069,1,4,2020,12184,506877
4,3217,1,850,1473,4,4,1996,13712,620156
1,2181,2,832,382,3,3,1962,9484,366302
1,501,4,63,2181,6,4,1960,3593,265163
8,3136,3,838,1449,5,3,1973,11315,768120
2,3191,4,259,2550,2,3,2022,16200,631272
8,2637,2,192,1590,2,3,1953,10107,633686
7,3916,3,654,1786,1,3,1995,4869,790099
10,849,4,615,143,3,1,1967,16447,472472
10,4030,0,971,1886,4,3,1992,8971,897761
2,1786,3,405,1702,2,2,1982,3989,375669
6,3922,0,725,1435,1,2,1959,6340,732909
6,3679,1,753,223,6,2,2022,10643,695094
3,4157,3,942,219,3,3,2008,4823,670220
2,1562,0,720,178,3,2,1980,14454,280934
1,3456,2,92,1654,1,1,1977,4932,516249
6,2706,2,429,432,1,4,2009,11220,600554
5,4154,1,653,264,4,3,1952,9554,719408
9,3506,3,433,953,1,2,2004,3429,788340
1,2859,3,403,428,4,1,1963,8444,421108
7,3812,3,433,2463,4,4,2007,11510,836700
5,944,1,111,2774,5,1,1964,12277,389639
5,2845,3,928,2244,3,2,1951,11537,623126
2,1451,2,374,1577,6,1,1973,8147,324577
3,535,0,58,479,3,4,2013,8631,231638
7,1607,2,42,1353,3,2,2020,4598,498950
6,1975,2,206,889,5,4,1973,5329,517023
2,4457,0,779,924,4,1,1976,7718,641335
6,2298,2,295,2170,4,3,1986,10923,604360
2,2345,1,117,1902,1,3,1988,14782,441102
2,1908,0,531,1410,5,3,2012,17476,394090
2,1695,2,221,1362,1,3,1975,1051,361174
3,1899,4,165,777,5,4,2014,17702,441146
2,2208,2,642,2395,1,3,1953,11184,433174
4,1885,1,155,28,2,4,1978,13468,381757
9,3106,3,183,34,3,2,1950,16479,705243
6,3438,2,89,1419,3,3,1999,8210,704313
1,2688,3,93,2670,6,4,1960,13934,504871
8,3434,4,12,588,4,3,2023,4956,753133
7,4489,2,972,903,6,3,2008,7057,887804
10,3689,0,833,2567,2,3,2011,12210,884537
3,1800,3,804,2169,6,4,1985,15590,490804
1,3273,4,944,339,3,1,2005,14864,532345
5,1743,0,741,174,4,3,1970,2525,410900
4,4476,0,833,1923,2,3,1962,14277,740921
10,3597,0,803,1714,3,2,1958,8043,821319
8,1020,0,437,596,1,1,1960,18662,392205
1,2306,2,537,450,5,4,2019,9705,400782
10,509,2,586,556,2,2,1950,7125,410269
1,1483,2,967,1159,4,3,2019,8874,342784
4,2925,4,875,1356,6,2,2005,13529,640444
8,2156,4,935,2056,6,2,1980,15955,657712
5,2160,4,810,2381,2,3,1986,3500,563437
2,3229,1,149,1016,4,1,1996,4464,513360
6,3131,4,659,2374,2,1,1996,19643,698465
5,2699,2,7,2062,4,2,2018,16954,598665
2,1219,2,28,838,6,3,2007,1255,303120
3,1572,1,295,1637,3,4,1985,2502,378826
9,3725,1,985,225,1,2,1981,5656,786597
7,1358,4,925,1813,3,4,2013,11302,548151
7,1816,3,720,2160,1,2,2020,6430,586186
6,2103,1,639,2020,6,2,1991,9598,560573
8,549,0,339,1451,3,3,1997,16976,383905
4,3211,2,627,2048,3,3,2023,2860,647932
8,3078,0,438,2313,2,4,1979,7158,721976
4,4183,2,143,1514,5,4,1970,6806,752593
8,3631,2,941,1231,6,1,2009,18106,779476
9,3738,1,829,1645,4,3,1962,10474,836184
3,3773,1,746,1735,6,2,1950,17997,645845
3,3404,0,518,2999,4,2,2014,6790,631173
2,645,2,975,305,4,1,1982,11170,207291
10,1414,0,44,2059,1,3,1987,10004,545935
3,4247,3,954,1723,4,2,1974,10978,730099
3,3540,0,238,1689,4,1,1975,17714,612930
5,1962,4,951,1517,2,1,2008,19596,522799
5,2789,0,943,1391,3,2,1982,8232,560087
2,1080,4,154,2984,6,2,1990,13674,362976
10,3234,4,180,419,6,4,1979,17052,775790
6,2084,4,214,2936,4,3,2006,16774,626532
5,982,3,87,2218,5,4,1998,6913,414603
6,3679,0,255,133,6,1,1997,15102,665847
1,1749,0,510,2030,4,2,2021,16389,358365
5,1172,3,72,1450,1,4,1998,11567,415613
9,1130,2,930,1553,1,1,1996,6611,497659
10,3208,1,178,1164,1,3,2005,10432,760799
2,1161,0,211,1869,4,2,2014,1319,313702
1,4003,1,804,1819,2,4,1961,13686,628573
10,3352,3,233,2705,5,3,2018,5791,894236
9,4226,2,464,1342,4,4,1955,1329,902734
10,2966,2,750,1464,2,1,2014,9851,760365
9,1487,2,222,2226,2,3,1974,12310,564188
9,4026,3,630,1079,6,4,1950,11164,862822
6,3731,4,824,1178,4,3,1981,19177,775939
8,2046,4,263,1695,4,1,1952,6703,617113
1,1149,1,206,110,2,3,1998,11649,226974
10,1468,4,606,2184,2,4,1968,13672,635966
4,3137,4,884,2279,2,1,2009,5155,662020
1,1600,2,733,467,6,2,1978,3611,304972
8,3056,2,365,2779,4,4,1999,19977,761014
1,940,1,275,2528,2,4,1951,17479,285515
3,3825,0,379,813,1,1,2022,10180,614441
4,1420,1,742,1272,4,1,2005,10304,365876
8,1269,1,308,993,6,2,1966,15610,468530
6,1843,3,630,2031,1,4,2009,9437,557648
10,2326,3,267,322,3,1,1985,11350,647970
7,762,1,944,2969,4,2,2010,13521,488324
8,4168,1,784,903,3,2,1966,7560,800545
2,4229,1,63,1541,2,1,1998,6247,628590
10,4406,4,809,1999,6,4,2009,5077,1036053
8,2077,3,349,1815,2,3,1969,11858,619639
3,3945,1,924,2653,6,3,1999,12391,746351
7,3184,2,914,2476,5,2,1952,11946,741627
3,3738,2,493,147,2,3,1992,16186,619445
7,4324,4,522,1141,3,3,2006,2417,841642
2,3006,4,97,849,6,1,1999,17494,510629
10,1498,0,945,366,2,2,2017,9954,535069
6,3851,0,70,2897,4,4,1999,14591,783802
3,1199,0,363,1089,6,2,1986,8391,314426
3,2849,4,569,2038,6,1,1995,12364,582902
9,4102,4,801,2860,2,3,1991,11371,949683
7,2103,4,762,174,5,4,1964,3504,571667
5,1741,2,275,1854,2,2,1982,6239,450702
10,1625,4,49,587,3,3,1960,17676,578104
7,3101,2,357,494,3,2,1969,19118,648294
9,2835,0,727,1137,6,4,1973,6120,715412
1,1690,0,905,1784,6,2,2013,7393,340868
7,3168,0,927,1170,2,2,2014,3196,687041
6,1505,1,563,34,3,2,2022,4466,408948
10,535,1,782,998,3,3,1966,2906,462975
9,1243,3,484,1332,5,4,2010,19105,551705
1,2264,3,83,2585,4,4,1964,12883,459120
4,852,3,898,2797,5,3,2000,16437,413100
9,4247,1,804,1037,1,3,1976,15497,845196
4,2422,1,637,373,5,3,2023,2816,511167
10,572,3,807,2604,2,1,2010,11713,540286
3,3195,3,583,1451,4,2,2007,4849,607067
9,1876,4,295,1751,2,2,1980,7849,618160
2,2414,3,235,2280,1,4,1961,2058,473624
4,1593,4,55,704,4,2,1995,12730,401591
6,2972,2,918,562,6,1,1980,19706,640804
2,3546,1,359,2986,3,3,1981,18332,637148
8,1207,3,906,2934,5,4,1981,5359,566404
8,2304,1,109,2773,2,4,2002,13809,681080
1,3108,1,191,1873,1,2,2010,6660,518141
3,3375,1,903,2123,3,4,1995,8254,627356
10,4213,2,92,438,5,3,2023,13822,897664
9,1455,0,861,1883,3,4,1956,3093,557306
5,3064,3,567,1979,5,3,1953,12730,663580
6,2975,0,59,698,6,1,2001,18947,575002
4,4110,0,649,1312,4,1,1980,9217,707577
10,659,0,38,2962,3,3,1985,17558,504117
2,2696,1,539,1563,3,2,2003,18718,477631
8,3323,4,48,2938,3,4,2003,17705,833241
6,3801,1,419,691,4,2,1966,13342,686820
5,2235,1,636,2300,1,4,1979,13239,548011
9,2085,0,12,1200,5,1,1971,14854,575208
1,566,1,991,2457,6,1,1992,14897,256755
5,3561,0,35,1634,3,1,1976,12419,651142
6,4383,4,100,1633,4,4,1986,11064,854994
5,2928,3,793,126,1,1,1995,16003,569863
6,557,0,85,1506,5,1,1984,11259,330062
6,3830,4,515,1191,4,1,1953,6674,724950
7,841,3,222,2639,6,1,1975,6002,467080
4,4409,2,337,293,6,2,1968,1910,700703
8,1653,0,959,1366,5,1,1994,1949,545069
7,3274,0,165,1019,3,1,1975,19898,641166
9,1695,2,382,2357,6,2,1971,12523,621824
7,3317,2,855,2709,1,2,2007,12221,779906
3,3161,0,894,2575,4,4,2012,17484,613519
3,1732,2,375,2587,1,3,1977,5646,432301
8,4374,1,470,418,3,1,2014,7945,828742
5,2901,3,789,443,1,1,1993,3400,580044
4,1994,3,641,684,1,1,1992,12563,427508
8,2321,3,30,2887,2,4,1986,19727,698401
6,615,1,374,2283,1,1,2015,1352,381795
2,3835,2,10,1462,5,3,1966,16489,627331
4,1161,4,987,2261,4,2,1989,2018,411829
4,4383,2,301,84,2,4,1987,18563,725363
6,1965,0,95,2841,4,2,2010,6193,537307
6,4119,3,189,1767,4,1,1958,16701,773942
1,3000,2,452,84,3,1,2010,4536,431311
8,2368,4,191,1944,3,1,1965,16449,660201
6,4048,0,485,2112,2,3,1951,12842,768720
3,2834,1,265,1669,6,3,2021,19886,571577
9,3874,1,423,662,3,4,1992,4819,805577
2,1516,4,127,626,3,2,1991,18363,324372
8,810,0,237,63,3,1,2006,1976,361198
10,707,3,919,2986,4,1,2016,19664,562188
3,3165,2,354,918,2,1,1979,6897,520679
5,2993,0,939,1375,4,1,1962,16957,599971
6,3217,1,111,1181,5,3,1968,16359,661356
10,1132,4,827,1612,4,2,1956,14240,549611
6,2602,4,445,490,5,2,1958,1107,568950
4,3459,2,342,1878,1,4,2003,16524,663281
3,3583,4,144,1940,1,3,2010,2626,652677
4,1156,4,64,312,5,1,1951,7229,334879
1,1923,0,246,2662,5,2,1999,7877,408189
4,2431,3,734,918,4,2,1980,1874,532249
1,4219,2,990,1882,5,3,1982,6543,697202
1,3527,0,489,812,2,4,1960,4809,520330
10,3062,3,824,2987,1,4,1982,11603,848667
6,2179,0,438,1489,1,1,1956,3107,500546
5,4113,0,105,1326,6,4,1980,12745,729166
4,736,4,180,679,5,2,1997,10465,298400
3,3850,3,183,434,3,4,1996,1559,634263
1,847,2,225,681,3,1,2002,9308,179413
6,3174,2,776,1158,5,2,1968,16250,682075
2,3675,3,789,1073,2,4,1955,14255,616648
8,1129,4,908,1455,3,4,1998,4046,510247
10,2040,1,88,2387,6,3,2022,14856,694333
5,2503,0,687,2394,5,1,1999,17427,574540
7,4443,4,529,2693,2,4,1961,1508,894077
10,1771,3,370,1370,2,3,1972,7107,621570
2,863,0,971,648,4,2,2003,14476,230272
8,2868,2,935,244,2,3,2018,4439,675988
2,4204,1,912,2156,3,3,2008,14136,695923
4,785,2,398,2580,3,4,1985,15167,369745
1,648,3,105,295,5,4,1952,18300,202578
5,1607,0,270,2159,5,4,2007,18182,483147
9,2953,3,974,1612,2,3,2004,5971,755275
1,3525,0,830,2390,6,2,2006,19144,616886
9,955,4,502,2148,1,1,1966,16883,511419
8,2266,1,678,2676,4,3,1988,1818,676766
6,1299,4,524,1627,1,4,2017,11360,490438
7,1684,4,848,27,2,1,2004,12927,494709
3,1512,3,31,2984,2,2,1994,17023,406328
1,3331,1,392,1985,1,1,1950,4065,524685
5,3007,0,39,1560,4,4,1970,4259,594192
2,4121,0,659,57,1,3,1970,18290,589256
5,2023,2,217,1521,5,3,2001,13300,520529
8,3285,0,730,296,3,4,1992,1602,683898
9,3056,3,980,2181,6,3,2001,5295,798403
2,4225,4,81,2296,5,4,2016,10983,763095
3,4375,4,844,2597,3,3,1993,4527,790360
3,980,4,719,901,6,3,1981,2811,355108
1,2186,1,200,1964,6,3,1959,13103,411201
8,2661,0,446,1098,6,2,2013,10032,664100
6,3296,3,843,1677,2,2,2018,13877,725287
8,2101,1,427,2881,6,4,2017,8963,672760
9,2908,2,37,1191,4,2,1977,16224,708516
5,840,3,210,770,1,4,2002,9916,360203
3,3317,3,443,1526,4,1,2000,7766,618992
5,2510,3,326,1378,1,1,2002,18186,533618
5,3308,4,760,1248,5,2,1953,19966,670167
5,3516,3,226,1554,5,1,1966,2665,678733
3,2996,0,47,145,1,1,2016,16932,459592
10,2366,3,17,1983,4,3,2023,7975,744460
4,1334,4,911,1264,1,3,1996,3552,405790
9,1703,3,438,1907,6,4,2005,14219,619794
10,2225,2,806,2940,2,1,1972,15274,730831
9,3978,2,707,2391,5,4,1967,13612,908634
2,2189,4,186,1772,2,4,1950,3808,434525
8,3767,0,344,1058,6,1,1984,12090,767157
8,4037,0,223,2749,6,2,2013,13260,874632
7,810,1,829,2048,5,1,2007,16295,438105
8,761,4,487,2019,5,3,2008,15837,480826
3,1942,3,908,152,6,1,1950,15669,383788
6,905,4,876,2476,3,2,1952,11523,449040
1,2690,1,848,507,2,4,2016,13762,430456
7,841,4,228,490,2,4,1986,14769,413859
1,1839,4,389,344,3,3,1978,14731,327049
9,3672,1,978,1935,4,3,1982,12877,857854
1,743,0,588,1761,2,3,2010,3456,217877
1,989,3,187,220,1,4,1953,6423,187618
7,511,1,857,1938,6,3,1963,15246,413959
2,3810,2,269,1942,6,1,1982,13846,620350
5,1060,0,606,722,3,4,1971,5317,340906
8,541,2,309,527,2,2,1997,18940,351672
8,3225,0,131,1522,4,4,1952,19589,731991
3,1093,3,550,2888,2,1,1972,13635,370222
7,1952,3,71,1664,6,1,2017,14470,567152
3,2326,4,792,480,5,3,1970,14176,493160
6,3729,2,844,2977,1,4,1992,10113,791521
6,3787,0,671,1871,3,4,1975,14546,736189
3,2193,3,186,2919,5,4,1990,7805,538545
7,4033,1,485,1462,4,2,1987,17788,811865
3,633,3,190,1425,5,3,1960,19004,260629
8,3638,1,421,344,5,1,1978,9080,741113
10,4419,0,119,44,4,1,2009,4118,868100
4,3578,3,219,2068,5,3,2016,7630,697732
1,1447,3,52,1657,3,1,2014,1565,298702
4,4097,0,733,1887,6,1,2010,16701,738200
7,572,3,450,2920,2,3,1968,15859,429537
4,898,1,411,2095,5,1,1995,8670,329175
6,1928,3,642,1514,3,4,1998,10476,564278
9,4246,2,236,2598,2,2,1971,9776,908716
1,3125,4,757,2334,2,3,2006,16021,564965
5,3406,1,737,1001,5,2,1963,5327,654463
7,629,2,719,1033,3,1,1993,16275,361386
1,3478,0,405,2589,6,1,1965,8614,566406
4,4037,1,607,2040,5,4,1961,2245,734166
6,3777,4,421,2803,4,3,2004,9243,804184
2,2311,4,711,273,2,1,2000,11355,424120
10,2501,0,246,955,5,3,1988,1537,693116
5,4339,0,71,2647,2,3,1982,16924,768515
10,765,1,829,1779,3,3,1982,17236,501426
1,2060,3,184,380,1,3,1978,17924,355868
6,2485,0,5,1352,5,3,2018,18198,579212
6,1292,3,205,478,6,2,2019,2415,427747
4,2800,2,543,2062,5,4,1980,12030,595891
8,3369,4,610,515,2,3,1980,2652,743511
4,1812,3,905,190,3,2,1995,11857,413050
8,663,4,386,1191,4,1,2001,19740,428103
8,594,3,767,2668,6,3,1959,4810,471188
5,2305,2,698,1160,3,1,2023,17569,525970
4,3380,0,75,2201,5,3,1990,2551,627486
2,1633,2,176,1411,4,2,1952,14584,359068
3,2883,0,826,271,3,2,2008,1761,498215
3,1321,0,798,142,1,2,2001,13511,274369
4,737,4,348,1912,6,4,1983,10471,388414
4,2928,2,254,1092,2,1,1998,13467,565369
10,4007,3,836,2294,3,4,1977,7163,950060
5,3446,2,701,787,3,3,1962,17065,637381
4,3030,4,307,2126,1,1,2018,12886,616209
10,2460,0,344,1681,5,2,2016,18920,681541
8,3449,4,126,622,6,1,2010,7201,768443
6,1548,1,936,2572,6,2,2009,16580,541223
6,2176,1,286,2819,2,4,2020,8399,584979
8,3688,3,765,937,3,4,1973,17945,782791
7,3029,4,724,1118,4,2,2012,8623,705816
10,3963,3,761,616,3,2,2010,11327,872021
10,3464,3,595,1031,2,3,1972,8187,828083
8,3541,1,486,66,3,4,1979,3180,708151
2,1463,3,382,190,1,4,2009,2960,301591
9,1036,1,405,2815,3,3,1967,6153,526423
1,3650,0,387,520,3,4,2005,8035,548515
8,2103,4,524,989,4,2,2002,12471,601048
4,3744,3,556,1140,1,1,1956,1582,647089
4,2479,1,638,2314,1,1,2018,16514,536054
5,3583,2,937,1634,3,4,2021,16531,731139
8,4371,3,625,2532,6,3,2001,17672,946527
5,627,0,944,1187,4,2,1953,8979,303313
8,4179,0,275,375,3,1,1983,4060,759566
10,591,2,499,652,3,2,2018,14731,442277
1,4224,1,716,548,2,4,1982,13294,619612
10,1042,3,336,1097,2,4,2018,18567,531522
9,1345,1,949,72,6,1,1987,15274,489149
6,4103,0,931,2355,4,4,1975,18830,812787
3,2181,1,480,198,5,3,1950,17348,414651
8,3536,0,896,1781,2,4,1953,2903,752797
9,2351,1,910,571,5,4,1988,15551,641441
6,2994,2,972,790,1,4,2003,16141,633622
7,889,4,272,1638,2,2,1982,3377,429435
1,3219,2,919,1831,2,2,1982,1847,533433
5,2384,2,57,1855,4,1,2021,15380,536191
5,542,4,327,1510,6,1,1969,18623,335826
10,753,4,730,1174,5,1,1965,10524,512378
4,3701,3,108,178,2,4,1970,16231,630069
6,1583,3,278,2244,2,2,1994,12698,494387
7,3210,2,685,734,4,3,2011,11571,678909
9,3014,2,327,2136,4,4,1980,13314,760201
1,2834,0,775,798,6,4,1991,12429,486267
6,3558,0,314,787,5,4,1961,3365,698576
7,2040,3,473,2795,1,3,2014,11604,636625
3,4038,3,110,208,6,1,2022,12366,659022
8,2453,0,698,492,1,3,1952,6055,582857
5,3325,0,780,2712,3,1,1958,6622,663978
9,2892,1,934,1657,2,3,2000,17756,744975
5,1141,1,228,2918,5,2,1965,8783,428671
9,2929,0,496,731,6,4,1952,2949,708230
10,4350,1,155,1129,2,4,1973,17628,895279
4,1189,4,472,1605,5,4,2022,11032,418268
9,1776,3,700,2745,5,1,1962,12619,628343
5,2450,3,271,593,5,3,1951,17508,512999
10,1579,0,886,2933,2,2,2020,13824,627135
9,1986,2,1,2899,6,3,1970,11945,676215
3,956,0,757,1215,4,4,1968,2919,319553
4,1482,1,721,324,2,2,1996,10827,350203
9,2630,2,510,978,5,2,1971,10617,690735
10,4476,1,912,1749,6,4,1982,10732,963730
6,1622,4,285,1850,3,3,1981,1530,518066
2,648,1,870,1490,1,4,2013,8849,242810
7,1852,4,12,893,5,3,1988,7929,524920
2,1679,4,607,1390,3,2,2021,5349,389920
2,689,1,497,143,4,2,1991,15456,181520
1,4065,1,732,383,5,4,1958,12295,608522
3,1382,4,237,2263,3,2,1974,19185,404378
6,2810,2,93,2371,5,1,1951,6156,632890
8,3651,4,337,216,2,2,1968,10228,740410
9,899,3,780,1515,6,1,1969,12920,500452
7,3311,4,170,2998,3,2,2019,8432,776774
4,1108,2,980,2230,6,4,1966,13203,415567
6,3831,3,605,2317,2,4,2017,7189,789820
5,2295,0,660,2992,2,1,1952,2142,543906
8,2138,0,623,1490,6,4,2000,8614,610661
1,2075,2,566,2917,3,2,1975,15253,443436
1,3332,4,848,1635,6,2,2005,19013,604746
6,2648,1,935,2514,6,4,2013,18146,691087
10,1882,2,466,2352,1,2,1957,7905,621657
2,1903,3,627,1167,3,3,1986,5889,382502
5,1319,3,142,110,1,3,1976,5839,341408
1,3792,0,200,1013,5,2,1994,4957,551481
7,1319,3,179,231,6,4,1953,1557,463862
1,919,2,713,1714,5,1,1986,5621,255855
4,623,3,363,1755,3,4,2020,15932,330868
9,921,2,478,2642,6,1,1982,1839,539952
1,3802,1,564,1577,5,4,1980,10243,611060
4,4261,0,470,1296,4,2,2004,10596,705428
6,3634,3,383,2220,2,3,1961,7998,768405
6,2008,2,691,972,6,4,1960,11129,538473
8,4199,4,925,1030,2,1,2021,1510,858195
1,4274,0,416,2593,1,3,1981,12596,660692
7,2097,1,824,2595,5,1,2006,13974,612490
1,1267,2,307,517,1,2,1987,2137,226708
7,2544,1,648,913,6,3,2009,14700,639015
3,3030,1,693,2262,2,1,1968,5666,557097
8,3066,3,366,2181,2,4,2005,9906,750872
3,2702,3,0,2332,5,2,1963,11478,563652
1,2639,2,43,1944,6,2,1982,3654,462533
8,3529,4,738,1462,4,2,1959,1990,780353
3,2049,2,842,1872,4,4,2013,3160,477134
2,3002,4,97,2733,5,4,2013,16136,610915
1,2264,1,719,2378,6,3,2011,11336,443347
3,2544,0,264,2941,5,4,2017,15269,543169
2,3145,2,799,1307,6,3,1992,17206,568524
2,4216,2,782,898,1,2,2008,3063,669123
6,1009,4,139,1098,5,3,2001,11795,422686
1,1706,1,480,1189,6,1,1968,19361,304884
2,885,1,236,1212,4,2,1970,9567,264283
6,2097,4,973,2125,6,2,1971,9933,590487
3,4302,1,952,2994,6,3,1958,16619,766780
4,2952,3,903,687,5,2,1958,5919,581453
1,2793,0,71,2068,1,4,2022,12741,478178
8,1241,2,666,565,1,1,1976,9798,433344
7,4162,0,189,1207,1,3,1966,17927,761696
7,3208,2,267,1894,1,3,1993,15566,721900
3,3197,3,320,826,3,2,1994,1883,565337
10,4042,1,106,1351,5,4,1957,10415,876651
10,4397,4,231,2226,2,2,1967,12085,969752
3,2411,3,41,1811,5,2,1982,16008,521481
2,1946,0,701,1082,3,3,1950,19452,382410
1,1400,4,882,1350,1,2,1955,9120,303397
7,2612,1,138,2952,3,1,1990,8820,670009
7,3584,3,614,1644,4,2,2004,12901,758272
2,2760,4,682,2716,4,2,1954,19170,576369
7,2509,3,862,190,5,3,2008,17259,594388
8,741,3,272,1223,5,2,1967,10649,427548
1,3040,1,480,1335,2,4,1998,9269,490602
9,3784,2,415,707,2,3,2014,12805,804439
7,4264,4,505,378,4,2,2003,18692,818670
3,2885,1,732,386,1,1,2010,11379,494123
8,2520,3,724,2284,3,1,1957,9744,688694
7,672,1,852,615,2,3,1952,14285,353580
8,1171,2,423,1542,6,3,1974,9473,507300
6,663,4,406,2330,2,2,2018,11679,421589
9,964,2,567,2048,1,4,2004,15605,513069
5,3542,0,389,1754,1,2,1989,11985,671229
3,996,4,341,463,5,1,1999,13391,296939
3,1199,2,945,966,3,4,1982,5861,346246
1,2942,3,613,171,1,4,1967,2596,445217
8,1202,4,932,1146,2,4,2006,17863,520705
2,2440,4,492,842,2,2,1965,11155,422897
3,2855,1,191,1321,4,1,1987,8919,499170
8,2291,3,498,1908,1,3,1990,11334,648289
8,682,0,821,689,6,2,1956,15628,411903
4,1128,2,711,2622,5,3,2002,3072,416921
4,4365,1,232,1507,3,4,2012,10487,746185
5,3057,2,944,2212,6,4,1981,6624,703560
6,2231,0,226,2024,5,2,1987,1938,547217
5,1045,0,370,1722,2,1,1971,9176,355666
7,2087,4,138,382,6,4,1965,1761,567811
2,1123,0,855,2256,5,3,2001,13941,333149
7,4335,2,816,1412,2,3,1978,2669,837163
10,1093,3,148,1583,2,2,1965,8128,528780
7,1243,3,114,2271,2,3,1966,13091,478205
1,3798,4,449,2050,2,1,2013,19315,624990
7,2268,2,62,371,2,4,1962,8308,536557
5,4304,2,103,1710,4,3,2021,2126,785701
3,1959,0,850,1469,6,3,2005,7021,427076
3,2448,2,870,610,5,4,1954,7437,486625
4,3993,1,667,115,4,2,1961,8039,642776
2,3101,0,272,446,4,3,1990,18587,486198
2,2568,1,5,1391,1,2,1952,5135,416807
1,3101,4,146,1340,1,2,1982,16111,496523
5,2944,3,183,414,1,3,1999,12964,576067
4,3172,4,997,1808,3,1,2005,9711,640403
10,604,3,27,2939,1,2,1958,8904,521538
2,2739,4,961,1047,5,3,1999,3283,523827
3,516,2,549,2710,4,2,1978,3477,320145
7,3691,1,118,1873,5,4,1988,4093,775838
7,892,3,292,1073,6,1,1994,8207,437414
4,924,0,370,717,1,1,1966,10394,251048
5,2676,1,243,1358,3,4,2005,15841,595394
5,3701,0,579,1605,6,4,1995,7227,718913
6,1071,1,725,2318,3,2,2016,14280,430231
9,4131,1,217,561,6,4,2018,4535,853641
2,2576,4,176,2851,4,1,1963,11582,518596
5,1620,3,298,2294,5,4,2016,3913,502922
3,3581,3,675,386,2,3,1972,3340,586475
4,741,1,57,701,5,3,2010,6289,304542
10,4397,2,268,2606,1,2,1972,1597,961705
6,2779,2,307,972,2,1,1976,16025,578191
8,1288,0,569,1384,3,3,2003,8145,483597
1,3855,0,287,983,4,4,1959,3902,564612
10,1214,4,976,1511,4,3,1965,9955,577824
8,1258,1,104,351,3,3,1990,8694,424709
7,3349,0,227,1724,1,2,2004,5830,676194
1,1275,0,246,1951,3,4,2010,10834,285084
2,3273,1,699,1279,6,4,1998,11489,564839
3,2747,4,493,1907,1,4,2022,16768,566165
1,3492,0,82,752,2,2,2001,11364,498568
9,578,4,185,2828,3,4,1951,3160,517492
8,4484,3,251,1024,1,4,1999,14268,876675
2,3503,4,354,545,2,3,1992,15485,563551
9,4426,2,749,1469,3,3,1957,3922,894049
7,1355,2,871,78,4,4,2008,4804,475640
9,3744,4,695,1259,3,1,2014,3368,846882
6,3014,2,795,2381,5,1,1961,16157,682903
6,3128,3,896,888,3,4,1953,9093,669227
4,1939,1,937,1105,5,1,1990,4932,460800
10,3487,2,209,2549,2,2,1956,12552,829475
10,2996,2,815,1990,3,3,2018,6608,789376
2,2634,4,807,1500,2,2,2018,13899,527909
7,2648,3,608,2812,2,3,1979,10292,677847
5,1531,1,446,920,1,1,2022,10862,402228
6,1344,4,459,549,2,1,1955,6531,411012
2,3771,4,967,2061,2,4,1968,11412,691146
5,4076,3,471,391,3,1,2015,7344,721460
10,586,1,719,2357,3,1,1959,17759,498517
4,2590,3,369,2433,4,4,1965,8887,571422
9,3956,1,899,1380,1,4,1986,18993,859164
6,4192,3,933,973,2,3,1981,17158,793326
2,4006,4,491,339,1,1,1996,18997,603867
1,907,4,922,2644,5,3,2021,4679,337087
5,4054,0,136,756,2,3,1992,8540,687185
9,3211,2,366,1045,1,2,1985,10488,728223
6,3588,3,911,2338,4,1,1975,8074,756029
10,2168,0,183,2353,4,1,1959,4996,648683
7,647,2,587,2681,2,2,1980,6695,444506
5,2824,3,286,2672,5,3,1978,15235,661201
10,731,1,471,938,4,1,1954,3366,453411
6,4397,2,374,847,4,3,1950,15164,784924
5,2450,4,653,441,5,2,1952,7764,543164
9,865,0,748,2550,1,4,2016,16527,516821
6,3799,2,536,129,4,3,2020,17292,722879
8,2174,2,510,596,3,1,1984,2614,582183
2,935,4,801,1958,6,4,1964,15396,343047
9,898,3,578,1505,6,3,2016,19800,524918
5,1734,1,249,861,4,3,1979,17880,429508
7,1914,4,919,2640,1,4,1992,17888,611921
10,3046,1,509,998,1,4,2009,6733,761196
1,3087,3,629,2372,2,4,1989,4216,577357
10,1062,2,72,2495,3,1,2014,5364,552032
5,4062,1,281,1551,1,1,1978,13269,719969
10,2989,0,915,2866,5,3,2023,18861,820984
2,1784,0,959,1640,3,3,1968,14829,374331
6,1272,4,359,1511,6,2,1952,5960,468155
1,2897,3,9,1736,3,1,1985,19781,491439
3,2537,4,210,2756,5,3,1992,9301,578200
5,3923,4,834,1449,4,4,1964,9841,769079
4,3067,4,151,1857,5,4,1990,8730,635775
3,1843,0,4,264,5,1,1985,18883,332483
10,2685,0,194,2659,4,4,1982,17979,772071
5,2073,4,953,2879,4,2,1954,1978,573792
8,4194,0,282,2721,4,3,1963,1730,856125
4,1491,3,463,1462,4,3,2017,1056,417294
1,2915,4,112,156,4,3,1996,3243,475011
7,3791,0,270,1445,5,1,2003,2701,753291
8,3908,1,162,2298,2,4,1953,18670,812759
3,1746,4,459,2925,2,2,1958,9303,450734
6,4219,4,104,1632,1,1,2002,16100,811278
2,4339,3,692,2577,2,3,2009,13998,734630
7,859,2,555,2374,6,2,1995,10393,447451
8,1420,2,281,894,2,3,2003,1947,481169
6,2876,3,686,2144,5,3,2023,7553,697672
6,3509,3,161,512,4,1,1986,1757,656033
5,3010,3,982,215,4,3,1972,15866,582900
8,3493,2,350,2172,5,2,1976,12580,782726
1,1462,3,433,1706,6,3,2019,6651,342725
10,4132,0,851,2106,2,4,2015,8273,925497
4,2327,4,139,1567,5,3,2010,11033,539639
4,3953,4,470,2208,1,1,2000,4535,739383
3,3383,1,131,2331,4,2,1999,19677,626188
3,2113,1,86,2153,3,1,1968,18488,455452
4,2140,4,687,1128,1,4,1950,9853,496730
1,2716,0,182,227,6,3,1989,1908,394348
2,716,2,367,2365,1,1,1981,5617,248968
9,877,2,128,1487,5,1,1971,11048,478718
10,618,0,245,801,2,1,2015,3311,437689
2,689,2,600,1622,4,1,1989,17020,238808
5,3314,3,577,1905,6,4,1987,18173,698630
9,869,4,669,2921,6,4,1997,14585,576078
9,2301,4,898,471,3,3,2004,15017,663223
8,2696,0,377,1079,1,3,2004,17555,645809
1,4247,2,148,2672,3,2,2000,13552,666304
1,1151,1,984,2060,2,4,2009,14337,301580
9,2382,1,851,1041,2,1,1957,2885,637525
8,2011,2,432,2741,3,1,2017,2049,625443
10,1269,1,627,2160,4,2,2021,11503,569050
9,2921,0,725,228,2,1,1958,2161,635670
7,1280,0,468,170,3,2,1951,1815,406409
3,2216,2,445,294,1,3,2019,4766,423229
3,2707,1,480,188,3,4,2008,4239,494077
2,2898,0,883,425,3,2,1968,14942,476215
5,4483,0,293,976,5,1,1977,9272,749697
3,1811,3,764,1102,2,2,2021,1869,421236
6,3859,3,142,2705,4,3,1963,6526,794440
2,3439,0,249,918,4,1,1973,8741,543121
3,1749,2,877,498,5,3,1993,5694,416426
5,1022,4,947,1821,6,3,2005,2934,448318
1,1021,4,974,2809,4,2,2000,18087,332524
1,1282,0,301,865,3,3,1981,17318,229003
10,2820,0,24,825,5,1,1999,19907,686680
9,1435,0,788,1858,1,3,1990,7159,550128
7,3973,2,983,2118,2,3,2015,16719,848845
1,2730,3,888,2295,2,2,1974,13993,491390
8,2188,0,889,145,2,3,2010,14813,571812
3,987,0,900,1641,3,4,2015,2164,340399
8,2350,1,69,1319,1,2,1991,1619,601614
5,1345,2,624,2629,5,2,2014,8982,491134
1,2671,0,874,469,5,1,1985,4066,430043
7,3532,1,111,192,2,1,1958,9638,660924
5,4197,4,363,1091,1,1,1985,3337,738850
6,3337,0,302,2541,1,1,1987,6594,684839
6,2961,0,470,51,1,4,1982,3460,564140
8,2503,1,963,2929,4,2,1991,7820,690484
9,2248,2,90,2410,4,3,2010,4442,696188
2,3743,0,529,1820,2,1,1995,17191,576407
9,3859,4,660,2964,1,1,2010,17326,906451
10,4006,0,987,2521,6,1,1967,11529,896567
9,1185,4,738,1869,1,3,2019,18675,552321
10,2660,3,725,2568,5,1,1964,11390,769648
10,3435,3,871,1786,5,3,1997,15030,881577
7,4488,4,662,1454,2,2,2021,6374,865223
1,2669,2,191,1867,6,2,1962,14142,464403
7,2067,0,962,2738,1,2,1992,13204,569725
10,1745,0,551,2579,6,4,2009,8394,669642
5,4202,3,241,2007,2,3,2006,18088,795360
6,538,4,137,1434,5,1,2020,1825,371417
10,3044,0,344,839,5,1,1966,10196,716538
7,1279,0,179,240,4,1,1999,12652,400860
5,1756,2,711,535,2,1,1981,17760,440017
7,3490,1,502,1407,2,4,1971,1972,735683
9,4101,3,202,82,1,1,2004,12268,819373
3,2696,3,572,981,1,4,2006,1443,533747
8,3968,1,191,950,4,3,1962,1754,779107
2,3569,0,4,610,3,2,1996,17023,524451
7,3208,2,889,573,6,1,2011,11363,685559
2,4209,2,236,2333,3,2,2003,11897,678952
4,2427,3,692,988,3,3,1978,6396,522596
7,801,2,310,458,2,3,1971,4465,382351
3,3931,1,548,2173,6,1,2014,3711,683179
2,2785,0,55,1522,2,3,1978,19791,467004
10,1146,1,442,2472,6,2,1997,6747,591512
7,1162,4,236,2601,5,1,1954,19107,488328
1,2783,3,869,2657,2,4,1984,2919,545247
8,2259,2,860,1984,2,1,2023,18302,642280
3,2750,4,196,1566,2,2,2020,14473,527123
2,755,2,584,2159,4,1,1995,17965,296725
3,1097,0,570,2449,2,1,1984,15235,347106
5,1161,0,751,121,1,2,1994,16710,341529
8,734,0,513,272,1,1,1962,15434,349321
10,1868,2,448,1317,6,1,1959,14478,617720
7,3081,4,359,397,5,2,2015,4881,686611
7,3407,0,699,2518,4,3,2019,2999,750460
7,4368,4,818,984,6,2,2021,15849,858604
8,4352,2,29,1230,1,1,1974,11903,826888
1,4037,4,778,1133,4,4,1993,17784,644629
4,1269,2,987,1301,4,4,2009,15700,403717
6,3088,2,107,1910,5,2,1996,6445,656219
9,712,3,843,2616,4,4,1989,3628,553098
2,962,2,934,1505,2,1,1956,19040,280954
1,2983,2,601,1916,4,1,1995,18004,514810
10,782,1,716,2944,5,2,1972,1246,560773
2,4133,0,890,819,6,1,1995,6212,637505
7,4178,3,967,2900,5,3,1962,4339,885737
3,1986,3,958,2757,5,1,1970,3368,488472
10,1930,3,959,1956,1,2,1950,13186,657265
2,587,1,444,2368,2,3,1968,2839,238801
7,1567,2,892,178,1,3,2009,7205,463945
2,960,0,437,896,6,4,1982,5395,274104
3,2825,4,731,2266,3,1,1953,16290,584467
7,4254,2,889,2836,6,2,1952,4691,881370
4,2968,1,605,1972,2,4,2001,8470,599650
1,2224,2,456,1551,4,4,1977,4841,406922
5,1876,2,614,491,5,1,2019,5348,445904
9,3243,1,734,60,3,1,2019,18776,724174
8,1014,3,697,1077,2,2,2004,7060,456621
9,1202,3,980,1703,1,4,2006,16525,572706
10,2153,0,695,2585,5,2,1965,5300,707561
9,2566,0,494,2895,6,4,1973,4338,731414
7,522,3,673,64,1,4,2018,6487,344569
4,2960,4,246,585,2,4,1990,4514,582906
5,1553,2,542,1727,2,1,1996,18143,451776
1,2330,4,563,2218,6,4,2018,12280,519738
1,2655,2,856,534,3,4,1980,11307,447137
3,3938,3,587,2740,6,4,1979,10915,736017
8,1804,0,896,2155,4,3,1967,12158,577654
2,3699,0,438,1870,1,1,1993,9621,581243
4,3800,4,277,2861,3,3,1976,11547,752303
2,1634,0,551,1004,5,1,1975,14485,312703
5,2683,3,612,2499,4,2,2009,3459,639831
9,861,4,110,1229,3,3,1967,6273,488588
1,3757,2,384,2637,1,2,2005,19102,603104
5,4227,0,832,1039,2,4,1980,10457,742828
9,4155,1,760,326,5,2,2008,6423,842101
1,2676,0,190,607,6,2,1951,18692,388919
9,2399,2,489,2706,1,2,1988,18434,703305
8,1784,4,693,1,4,2,2010,6479,550700
4,1014,2,425,1033,4,1,2012,16419,330369
10,948,1,404,2481,2,3,1967,3249,534864
5,2423,3,334,124,2,1,1966,3809,472025
5,3675,0,208,1104,5,1,1988,3921,643605
6,2006,4,21,2532,6,1,2020,5676,589132
7,1747,3,677,2699,5,2,2003,3417,580600
8,2355,2,610,1861,2,1,1984,17916,627894
8,1373,4,207,1173,2,3,1960,14463,494907
2,4437,3,7,2847,4,1,2010,9167,727998
9,4062,4,701,2920,2,4,1993,2469,958255
7,3020,1,686,128,3,2,2017,8292,648930
4,3581,1,784,437,1,4,1974,7931,616743
4,1928,0,528,750,2,3,1997,2091,428491
8,4467,0,601,2548,5,3,1981,17363,899810
4,2849,1,652,1221,6,3,1953,1260,544055
6,2778,4,656,2258,6,3,1987,11456,677103
5,2254,1,165,901,6,1,2012,14435,492203
3,1422,0,848,2092,3,2,1996,10377,396183
10,3637,1,495,1302,5,3,1950,16813,848965
2,3484,1,589,2582,3,4,1952,5301,618122
9,2659,4,428,1433,2,3,2011,8207,716161
10,1536,3,773,2508,1,2,2013,17476,658645
9,1916,0,162,390,6,4,1966,9556,542225
1,3047,4,365,1067,5,4,2011,14795,552754
10,3479,1,525,26,6,4,1984,7125,778553
3,3145,1,238,2841,3,1,1962,2924,573599
8,2781,3,71,547,4,3,1984,7683,658763
6,3149,0,444,2668,2,1,1992,19922,654730
5,813,0,654,566,1,4,1951,19660,289870
5,3113,2,821,703,2,1,2005,14331,583596
6,3583,0,508,1242,4,1,2000,10945,683412
7,2756,3,794,184,1,1,2003,18294,617003
1,2497,2,268,1590,4,3,1965,1306,424627
9,1537,2,752,1913,2,4,1967,5231,599043
3,2156,1,414,847,3,4,1956,7028,429766
4,3989,1,244,598,2,3,1994,13207,666975
10,4008,0,674,805,2,1,1985,7658,837999
1,3948,2,59,1357,2,1,1990,7336,581405
10,3591,1,5,2126,5,2,1991,14896,839612
3,3134,3,708,2626,4,2,1956,10630,633690
2,4483,1,981,1878,4,2,1964,18256,702137
2,2278,1,569,2460,6,3,2009,2141,476256
1,4306,2,816,545,4,4,1989,18049,649720
8,1514,2,406,1632,6,2,1986,9400,551053
3,1593,4,216,2216,5,4,2015,1951,462185
3,4395,3,929,2728,3,4,2004,10249,822665
6,3782,2,25,2630,6,4,2005,13936,815597
8,1624,0,814,2562,2,3,1993,15455,568399
9,1197,3,4,2079,3,3,2006,5722,565558
9,2679,3,985,2334,5,3,1955,13812,763571
4,4194,2,531,2641,4,3,1981,5008,776302
5,1904,3,389,1926,6,2,2023,11060,520743
2,1655,2,709,616,2,1,1967,14056,330204
9,1543,1,570,2317,1,1,2017,7655,559564
8,2429,4,447,1203,1,1,2022,18155,641470
3,3083,1,753,1759,3,2,1956,14027,577818
9,1513,2,145,2565,4,1,1957,5030,592002
3,726,2,387,2630,1,2,2013,1521,302549
9,3725,1,784,225,3,2,1956,2400,783364
2,2328,0,248,669,5,2,1990,12930,391187
10,4313,0,525,1763,3,1,1989,4723,896645
9,1992,0,461,916,3,4,1952,7579,577042
8,1321,2,12,2173,3,1,1966,19242,484365
9,2523,3,902,2121,2,1,2015,5781,723685
5,1370,2,383,1214,3,3,2001,13873,415740
2,2952,3,555,1705,6,2,1971,19782,537081
8,2749,1,886,1842,3,4,1953,17526,672351
6,2585,4,398,1983,2,3,1955,12043,622302
8,3489,3,18,55,2,4,1987,17375,724706
5,2295,0,574,719,5,4,1975,18101,516390
10,687,2,490,2600,4,2,1960,1642,526778
2,1580,1,750,2079,1,1,1966,19932,364082
6,1440,0,418,573,1,2,1980,12885,383379
5,3591,1,336,666,3,2,1984,8549,633848
5,2820,4,418,283,5,3,1965,14397,583847
1,3690,2,914,1744,3,2,1967,16074,573567
2,3130,2,915,2234,1,1,2011,14771,562991
8,3063,4,611,497,2,4,1976,1949,716852
3,3792,2,674,1465,4,2,1984,17905,640958
10,1025,3,927,129,5,4,1994,15732,510349
3,4086,1,121,638,2,2,1984,17738,647605
8,4299,0,431,2161,4,4,1977,18866,876230
8,4312,4,43,2060,5,2,1958,10839,876085
2,835,3,871,2491,5,3,1964,13823,323446
8,3245,0,919,2494,1,4,1970,19599,744068
1,1578,0,316,985,2,2,2001,19921,278435
6,3047,4,380,992,5,2,1984,15690,641151
8,3447,3,144,2762,6,3,2000,7339,823833
3,4459,0,326,2121,5,3,2004,11956,734276
8,3313,0,362,2584,4,3,1993,4765,765097
1,3083,3,49,100,1,4,2014,3827,479961
9,661,2,64,2223,3,4,1974,3058,476238
9,4241,0,354,426,1,3,1996,12519,808422
5,1093,1,799,40,3,1,2005,1730,333081
10,2438,3,163,428,2,1,1987,2832,654022
4,2706,0,140,343,2,2,1960,9600,473739
6,3759,4,965,365,5,1,2016,16618,730774
7,559,1,825,608,6,2,1964,8170,344511
5,3462,0,127,2704,2,4,1950,5179,682417
10,4388,1,397,727,5,4,1956,7299,893125
9,3890,1,932,2276,1,1,1950,8830,850954
3,2401,2,879,824,2,4,1998,12439,478537
7,2758,1,462,1375,1,3,2022,5802,646175
10,905,2,750,888,1,3,1978,7615,496225
10,1163,3,835,2043,6,1,1975,7762,590151
5,1632,2,807,1341,2,1,1994,6543,447702
7,1599,4,186,2883,1,2,2020,5883,566640
2,1041,0,719,1296,6,4,1961,16739,295575
4,1837,3,731,116,6,2,1981,1666,439828
2,1497,3,911,2865,2,2,1969,1276,418243
7,1640,4,189,2415,6,3,2000,15063,566297
2,3474,2,387,1117,2,3,1985,1881,558612
1,1367,0,428,167,2,3,2016,3060,227084
9,4275,2,857,1738,3,3,1950,15677,910637
1,2566,1,283,1364,1,2,1976,19466,391270
8,931,2,863,2708,4,3,1989,7702,511910
2,4256,3,236,694,2,4,1963,10429,652279
8,1239,0,193,924,1,3,2018,16853,441590
3,1873,2,286,151,6,3,1955,1158,398518
6,682,0,770,585,5,3,1982,16996,336234
3,2660,0,757,912,2,1,2004,6229,489875
7,1706,1,135,2321,6,4,1968,8956,541596
10,3028,1,791,1577,6,4,1978,13566,787242
9,1669,3,782,495,6,2,2010,3526,574946
2,1330,4,170,2148,6,2,2019,8803,399320
5,2151,0,158,556,6,3,1973,7574,471879
