PM2.5,PM10,NO2,SO2,CO,O3,Temperature,Humidity,WindSpeed,AQI
112,316,23,66,7.49,62,11,91,11.95,492
189,233,46,44,5.57,47,25,85,9.7,317
102,286,39,40,6.62,62,10,25,8.22,111
24,276,50,60,4.54,152,20,50,6.19,363
116,321,30,45,6.28,163,44,29,4.73,279
81,120,119,10,0.33,57,38,40,12.43,222
198,129,73,38,6.58,104,26,93,7.05,135
30,201,97,75,0.51,156,37,42,7.77,218
112,332,68,37,7.14,146,38,22,8.05,305
131,20,41,29,7.94,73,12,51,7.0,103
220,338,88,43,2.49,102,19,39,4.21,39
224,74,53,44,1.84,134,23,93,2.24,152
84,168,25,43,6.17,48,21,48,1.93,245
212,328,78,67,2.17,13,39,71,11.48,319
97,156,68,56,6.95,135,41,65,3.74,474
126,221,9,73,1.0,12,41,53,1.31,440
109,332,104,49,1.18,73,41,80,12.06,69
113,136,74,23,7.84,38,35,91,2.73,222
161,173,94,28,5.46,125,10,90,9.56,156
140,310,8,68,6.81,20,11,89,5.41,318
159,82,107,14,2.73,106,26,30,2.33,481
62,263,43,46,5.48,111,39,82,6.51,100
11,44,118,11,4.84,164,16,40,0.71,166
97,109,39,10,4.9,30,36,22,12.7,173
245,94,5,55,5.52,48,18,29,7.95,418
167,313,28,28,4.69,111,31,46,2.52,383
47,229,61,35,3.55,55,43,31,3.94,409
139,36,104,2,2.35,75,10,26,7.0,436
201,147,74,33,6.19,100,18,36,3.24,328
197,270,45,72,1.96,173,29,84,4.39,399
30,198,58,68,5.6,120,28,83,8.25,374
170,201,50,21,2.02,91,13,45,12.57,470
213,171,64,36,5.08,132,18,34,6.33,464
67,44,112,79,6.03,108,31,52,10.9,298
31,199,64,18,1.91,44,27,81,13.21,413
245,217,61,19,0.67,168,21,66,3.64,437
98,180,35,46,1.22,165,18,54,12.2,168
58,196,88,54,4.93,112,15,84,11.48,81
228,304,28,69,6.83,138,28,91,5.68,46
68,82,93,66,0.55,34,16,95,14.85,194
179,169,40,2,5.93,52,25,44,4.31,42
229,173,89,59,2.86,93,14,76,4.19,219
197,175,34,27,3.93,60,25,51,11.7,369
217,68,28,21,7.45,139,10,82,6.8,382
24,103,112,11,2.79,135,28,31,5.3,391
199,196,110,60,3.83,78,26,82,3.09,381
199,167,34,76,0.31,18,35,96,11.6,293
184,137,90,42,0.84,11,31,20,11.9,341
199,82,96,6,2.22,171,17,70,8.72,250
60,208,11,66,0.42,168,42,89,14.38,133
117,68,39,18,5.12,19,11,27,5.11,368
64,346,59,23,3.53,123,39,87,3.68,227
73,276,96,42,4.48,85,29,24,10.32,329
140,243,18,69,1.56,173,27,58,11.5,473
238,160,14,70,2.51,94,19,42,3.76,388
60,234,84,12,5.38,58,33,87,1.61,397
144,230,20,57,7.73,79,13,71,12.25,198
30,337,58,52,0.59,140,13,23,14.66,178
82,51,99,22,7.14,142,22,66,9.85,278
176,177,110,77,4.7,99,34,40,4.53,285
27,304,93,27,4.6,35,22,75,14.95,499
141,324,81,20,4.1,81,27,85,13.45,71
98,305,74,61,0.74,14,33,78,7.94,231
69,163,48,72,0.9,24,11,26,12.47,487
23,38,77,48,4.89,132,42,68,12.33,273
18,37,49,72,2.86,153,28,35,14.05,186
99,276,104,27,7.35,10,18,36,12.69,493
62,97,60,41,3.37,153,37,94,9.83,478
139,194,111,6,1.32,174,44,53,9.33,430
93,213,88,22,5.77,12,19,52,7.28,315
101,132,86,79,2.49,56,10,45,9.58,311
120,133,111,5,4.3,104,30,85,12.03,466
197,241,61,24,5.64,22,18,82,14.55,410
208,185,25,16,7.22,129,24,60,7.28,267
181,338,72,9,6.38,64,44,77,8.82,48
17,151,54,42,5.48,158,14,98,6.95,82
184,283,37,20,5.5,75,31,29,10.19,114
44,74,95,47,7.58,164,32,34,9.63,302
215,150,11,29,2.51,175,16,61,0.76,459
90,307,74,69,0.21,99,32,76,8.35,389
173,285,19,16,2.32,71,34,36,1.78,242
59,181,86,38,1.9,111,36,79,0.88,466
113,106,36,2,5.36,148,15,28,11.97,390
141,74,79,68,5.14,17,43,55,4.25,133
11,307,24,25,4.83,106,18,92,5.44,221
143,197,92,28,0.33,126,42,99,1.43,458
63,27,19,41,5.88,73,15,55,3.1,206
115,340,52,64,2.72,30,40,67,11.6,176
13,332,75,62,5.39,124,43,70,7.66,409
63,266,25,37,4.54,94,38,89,13.27,484
230,342,46,25,2.87,29,23,93,6.26,110
200,274,30,25,1.25,17,24,99,4.4,222
155,347,112,5,0.94,67,17,87,5.54,66
227,73,18,68,6.69,55,35,41,10.84,406
53,268,61,35,7.36,40,30,96,8.55,355
171,258,41,58,5.27,102,37,99,13.61,183
211,248,62,50,1.01,18,13,25,9.23,159
199,86,25,54,3.34,24,25,45,7.65,88
237,70,86,24,5.89,103,31,94,11.89,253
23,116,73,70,6.28,163,21,22,14.24,278
104,111,7,54,1.12,147,25,71,5.66,269
57,283,91,63,0.2,38,38,93,4.12,403
24,310,94,42,5.75,89,27,79,9.44,418
209,115,41,58,2.98,45,19,82,7.73,322
215,107,92,61,2.18,93,27,84,14.84,316
224,97,53,55,0.3,118,10,71,7.2,233
199,307,23,71,4.41,127,30,95,1.58,128
49,139,119,58,6.84,46,10,33,14.67,379
222,321,93,11,7.67,95,24,91,12.73,205
217,184,89,41,4.61,80,13,87,3.08,291
246,201,16,8,4.21,160,29,47,13.62,300
91,242,65,39,0.86,178,19,90,5.44,172
120,330,45,62,4.48,102,32,29,5.97,218
62,26,37,4,3.16,89,43,76,13.64,301
33,349,54,52,4.94,111,42,85,8.19,49
163,282,72,48,3.23,165,43,69,2.5,362
226,180,110,69,2.07,175,19,33,5.85,329
197,170,75,77,0.94,168,29,35,10.97,455
133,104,90,39,2.66,23,10,73,3.03,75
246,166,37,37,0.95,126,22,62,9.06,124
50,131,85,42,1.58,82,10,61,10.58,447
166,55,28,70,7.9,100,14,41,5.49,93
24,304,65,14,3.66,99,25,87,10.56,442
54,207,65,59,4.35,38,24,38,13.32,160
74,101,102,51,7.01,58,37,85,7.35,38
98,21,32,31,7.97,81,40,58,6.05,488
80,322,62,63,4.75,142,32,92,4.14,232
18,216,47,26,6.54,51,26,38,9.26,438
97,30,45,28,2.75,144,43,35,13.26,499
138,253,43,52,2.58,51,22,73,5.21,327
245,214,90,79,3.34,173,23,44,6.25,203
145,138,53,58,5.45,114,20,37,6.4,102
225,39,21,48,5.52,36,37,42,8.63,113
72,280,102,40,2.66,67,41,30,3.81,88
148,312,74,17,1.24,55,44,58,12.42,50
90,275,114,23,5.13,75,40,87,4.79,487
145,241,74,55,1.2,34,26,44,10.73,435
172,245,102,22,4.71,82,18,82,7.94,186
172,72,69,73,5.61,126,19,49,9.0,348
42,299,78,17,5.66,164,17,64,3.1,358
132,100,89,60,6.08,138,30,80,11.16,90
14,221,9,32,7.01,96,22,70,3.23,93
243,177,6,43,4.1,83,14,28,2.15,354
240,139,26,75,5.9,179,15,95,8.43,197
50,78,116,33,5.03,162,39,21,10.78,232
37,234,61,60,1.66,134,40,24,1.23,158
144,147,70,35,0.4,76,26,81,1.51,274
210,243,78,10,2.42,15,20,88,12.14,135
81,228,102,12,3.66,134,29,71,12.23,350
21,134,20,11,5.01,67,18,24,4.06,151
171,228,116,18,6.83,79,11,78,9.42,347
42,33,55,69,1.73,62,10,87,6.93,211
57,28,43,49,1.18,75,13,28,9.67,132
160,59,90,53,7.72,67,34,41,13.01,345
71,256,80,26,1.04,91,12,46,1.66,331
225,300,92,22,3.93,96,18,29,11.78,290
46,220,115,66,4.77,11,31,99,7.65,142
108,265,44,64,4.42,159,32,80,8.68,435
181,297,42,52,0.87,46,21,70,9.98,466
113,254,64,37,0.64,157,19,29,13.88,99
223,23,63,67,1.02,112,43,25,1.32,189
228,173,14,16,4.77,33,19,81,0.93,269
44,48,103,40,4.45,121,39,24,3.08,40
202,128,68,71,2.02,74,31,89,14.8,167
236,117,119,2,5.17,138,15,82,10.87,196
110,234,67,24,6.6,126,11,75,9.41,276
184,312,53,40,0.52,125,39,78,1.18,383
215,94,68,58,4.09,114,11,82,13.25,60
140,345,36,35,5.58,12,41,78,12.28,41
10,165,11,42,2.17,55,25,70,10.14,272
14,147,25,74,2.6,64,21,69,5.42,137
227,61,24,14,4.99,84,10,23,1.52,365
151,60,30,71,7.2,54,17,67,8.91,451
112,53,72,7,6.52,163,22,51,10.94,352
36,36,114,53,4.75,86,24,70,1.87,223
146,184,90,4,5.9,33,17,71,9.69,337
216,172,19,64,3.05,44,19,93,4.65,162
24,95,108,50,5.2,33,14,53,11.58,424
99,106,89,77,3.84,37,28,55,8.32,310
51,136,83,48,1.68,25,20,89,2.37,320
133,46,90,56,5.67,68,29,62,8.13,192
214,332,96,65,4.54,153,29,35,6.24,307
188,306,18,66,3.0,24,30,78,3.12,450
72,153,31,68,7.31,20,27,72,12.7,499
105,238,109,16,0.36,88,19,38,0.66,468
240,187,44,33,2.66,124,43,60,5.03,232
61,117,62,69,0.64,77,35,66,0.68,125
105,287,32,19,6.18,52,39,73,1.89,252
141,256,30,44,5.68,78,18,74,4.81,266
231,328,117,36,2.78,150,40,38,1.29,146
238,192,67,79,5.47,147,13,81,9.15,485
160,209,70,59,3.29,84,15,78,1.76,221
240,141,29,34,6.1,112,23,84,10.67,305
246,65,7,15,3.74,50,13,87,1.26,135
152,83,76,35,3.42,68,35,47,1.36,33
180,149,48,62,7.49,48,26,37,4.93,47
38,329,101,5,2.16,12,28,45,13.5,336
45,212,46,60,1.14,16,15,38,9.8,481
22,326,103,30,4.76,58,38,74,11.67,49
169,200,10,7,7.76,35,20,76,2.55,151
80,311,43,50,3.15,170,25,25,12.59,166
196,301,56,41,0.68,110,39,20,0.62,109
95,48,27,66,2.85,88,34,27,3.59,183
37,168,93,70,4.15,11,20,70,9.43,387
75,286,54,28,1.46,136,16,44,5.94,54
179,315,47,7,5.33,169,35,66,14.77,481
54,30,23,14,7.98,141,31,74,0.94,198
71,183,73,65,3.72,29,34,83,14.98,88
194,132,55,63,2.97,126,28,29,9.54,330
143,206,15,20,3.33,173,40,75,8.6,70
37,314,16,77,1.1,41,35,31,1.36,67
37,251,78,44,7.09,37,32,52,4.46,146
117,246,12,75,3.44,86,22,90,13.91,304
53,329,28,21,3.22,10,34,36,5.64,299
93,117,96,69,5.35,65,11,80,10.09,156
39,74,45,45,3.65,44,11,29,14.99,434
199,130,40,24,5.26,121,25,50,4.31,428
84,171,105,3,0.68,39,18,79,8.85,32
137,265,89,23,6.55,63,37,89,10.6,322
101,88,76,58,7.54,45,22,36,2.89,402
226,331,59,73,5.26,89,44,69,2.66,459
240,308,13,8,7.65,67,22,56,7.12,45
199,269,51,79,1.38,92,40,81,6.09,427
234,55,19,57,3.92,74,30,99,10.86,294
138,258,52,68,4.89,78,41,91,1.51,268
130,167,114,17,4.74,137,43,96,14.6,292
36,246,108,52,3.33,60,17,48,0.71,427
199,263,86,73,2.84,31,11,51,9.22,163
130,220,46,13,1.19,116,41,99,8.66,242
125,173,64,54,3.26,118,37,30,2.45,44
214,92,88,76,1.47,125,10,25,2.69,465
242,220,74,6,5.93,110,19,54,11.99,357
12,315,16,28,1.83,109,13,52,13.37,447
112,36,6,13,0.66,173,44,37,4.6,389
207,148,11,18,4.51,77,19,56,6.85,158
209,236,84,7,4.84,45,20,32,5.65,381
164,80,7,6,7.0,178,23,93,1.55,151
146,123,113,58,4.7,155,21,83,10.26,270
71,61,7,29,2.89,31,26,20,12.47,144
174,44,31,79,6.46,75,25,82,4.92,226
234,58,118,70,4.41,30,44,53,14.86,251
60,310,111,60,0.82,109,11,29,1.6,243
243,150,44,34,4.61,137,20,26,10.1,433
181,248,106,63,7.28,53,12,75,7.0,109
161,127,37,51,3.29,112,38,99,6.98,292
216,191,96,20,2.51,56,27,56,7.14,164
68,121,5,70,1.32,48,29,48,4.25,335
127,31,12,67,1.38,38,23,31,10.88,271
169,294,105,48,3.58,63,43,36,10.96,415
105,120,36,40,4.85,99,40,67,4.59,332
225,63,52,69,0.83,94,27,45,12.61,299
242,324,111,34,7.53,26,39,31,5.09,316
189,36,105,14,6.09,89,34,40,11.01,79
122,349,8,55,4.78,168,28,61,2.25,218
71,76,98,8,6.66,82,17,80,2.95,326
195,330,74,15,0.83,58,37,77,5.08,43
61,322,114,20,3.92,110,17,73,9.11,418
21,31,23,55,5.11,11,40,53,9.86,488
48,337,36,21,6.66,151,12,26,6.25,261
139,99,13,30,6.31,68,12,54,1.63,290
140,235,16,25,2.36,106,31,34,5.92,221
122,283,15,64,7.54,108,26,84,10.49,442
110,168,50,75,1.17,112,26,44,10.23,232
122,100,20,58,7.03,11,23,78,2.82,290
193,234,5,9,7.77,50,18,98,0.61,142
90,217,67,63,1.58,132,39,25,11.42,403
196,219,113,30,5.83,91,30,71,2.04,381
122,44,25,75,0.51,153,21,98,1.69,65
11,108,34,18,3.36,141,41,40,0.54,108
139,287,17,67,4.23,149,20,90,6.77,304
229,162,38,7,4.73,38,29,51,7.8,477
63,78,8,59,7.5,144,44,72,9.75,307
96,45,32,70,5.44,23,20,78,4.79,191
238,66,106,29,3.95,21,17,88,10.8,341
233,307,99,63,6.52,108,13,81,2.96,46
234,285,63,42,7.61,142,36,23,12.56,233
138,35,31,70,0.37,90,39,37,8.79,469
156,218,73,42,7.86,115,36,75,8.97,46
135,301,29,50,0.87,41,30,43,3.54,231
139,105,7,50,6.55,83,29,85,1.57,239
62,269,101,77,2.39,90,13,32,7.24,431
181,289,72,72,1.23,78,20,81,9.43,458
227,136,29,4,3.63,54,22,73,1.88,107
169,26,24,11,5.22,115,18,34,14.28,85
207,156,38,36,3.17,146,13,88,14.72,109
169,195,30,3,0.63,170,21,22,8.41,335
77,347,9,25,4.88,109,18,56,14.28,87
192,334,103,75,7.24,155,22,56,3.1,47
212,234,65,39,3.19,18,35,22,0.87,237
193,101,96,23,1.89,71,22,82,1.07,494
132,242,97,27,3.65,38,37,54,9.02,164
154,122,13,44,0.58,134,28,71,1.39,361
47,292,106,56,6.6,123,33,47,14.4,39
33,33,54,40,6.65,162,28,37,2.56,98
78,178,10,30,4.79,152,22,55,4.92,370
125,171,87,21,2.95,143,22,52,12.43,416
107,127,64,42,6.44,129,37,83,3.67,112
207,207,48,55,4.53,179,11,45,4.02,138
223,320,15,21,6.64,166,19,67,9.81,73
148,117,70,20,5.13,88,31,59,4.5,483
249,150,51,67,6.32,102,22,36,3.65,427
153,312,112,31,4.87,13,18,59,4.19,161
106,190,112,54,3.43,91,42,26,7.61,47
210,202,77,35,7.67,84,23,76,14.51,122
133,58,89,23,4.42,23,29,27,12.57,465
196,34,92,68,4.92,140,24,75,4.63,323
79,23,102,7,1.92,123,41,50,5.77,493
217,229,90,28,5.08,71,42,78,7.24,177
102,180,7,11,4.66,115,26,77,14.69,201
12,35,80,74,1.64,73,33,31,3.0,80
157,127,96,49,0.66,111,39,67,5.68,48
196,330,34,71,4.91,115,22,50,11.08,149
173,246,94,60,6.16,29,25,82,14.48,353
156,189,116,60,4.28,67,11,93,2.76,254
99,53,25,3,1.97,121,26,58,3.8,95
204,270,32,30,5.4,66,41,95,3.77,170
156,266,94,69,0.82,128,17,39,0.8,475
157,288,66,66,3.65,106,12,67,9.26,218
105,160,37,27,1.47,101,21,90,10.23,187
208,293,89,11,1.64,61,29,73,9.24,127
61,115,39,54,1.78,46,25,97,1.53,187
242,246,56,60,3.22,17,23,94,1.5,464
170,58,38,23,0.6,53,25,90,3.55,275
177,321,45,52,3.3,107,42,48,4.71,373
137,48,55,49,4.19,142,39,93,11.9,461
48,337,51,22,3.97,127,21,92,2.81,265
91,264,86,23,3.19,78,24,67,1.14,62
113,255,62,31,6.75,168,27,93,6.21,390
138,204,79,26,1.33,54,37,75,6.54,270
20,291,61,29,4.14,146,32,36,7.04,359
229,255,27,66,0.68,41,23,28,12.49,367
194,258,52,46,0.76,42,39,53,1.92,304
226,285,26,69,4.68,135,42,64,10.71,100
187,84,21,8,4.61,76,24,28,5.4,342
160,196,73,50,7.05,39,16,26,4.99,432
168,22,112,10,4.55,123,24,35,14.02,245
231,161,15,37,7.69,38,20,38,4.1,108
51,177,98,2,0.58,140,38,25,9.82,198
108,343,19,11,0.96,39,40,30,4.49,327
16,165,95,37,0.54,146,34,95,7.85,209
153,312,39,74,1.65,163,33,80,11.9,145
99,172,37,47,4.42,139,28,61,13.28,289
121,212,88,33,5.24,71,11,32,12.66,289
69,92,20,33,0.56,12,31,31,8.94,34
122,324,38,7,7.58,77,29,93,4.11,326
11,159,70,49,6.77,34,42,39,10.09,137
138,206,103,39,2.51,150,17,69,10.79,372
57,312,44,18,0.8,53,34,55,0.66,389
149,80,32,75,1.53,172,18,88,6.87,146
206,217,51,28,1.19,64,43,56,12.73,386
46,314,43,55,1.16,146,32,31,7.6,474
169,338,74,51,4.24,139,14,59,5.01,360
18,321,77,36,2.12,50,34,73,13.14,468
242,30,24,26,2.99,73,17,21,2.76,360
108,81,5,29,7.92,40,25,69,3.49,42
156,245,76,16,5.54,56,24,60,10.47,171
57,172,91,5,7.6,139,10,64,5.61,217
217,218,67,74,1.31,105,31,28,10.84,485
140,71,71,28,3.18,86,12,81,2.79,310
157,279,8,27,4.53,119,23,66,4.16,495
161,78,62,20,0.8,78,27,24,2.77,144
63,91,29,18,0.23,67,27,95,14.32,457
129,167,51,44,5.43,115,12,20,6.38,265
170,82,42,42,5.21,53,19,63,5.39,367
161,329,19,43,3.4,83,10,41,0.71,39
125,262,67,51,4.02,65,36,57,2.72,228
84,349,25,41,3.44,136,36,38,6.61,281
122,126,103,40,0.39,171,20,99,1.49,79
209,245,61,24,2.82,39,14,50,7.91,457
173,332,57,53,1.58,80,16,86,7.1,171
175,237,50,48,0.97,127,28,61,11.62,300
113,260,18,64,7.66,64,38,45,10.07,45
93,278,104,70,4.88,76,24,32,6.97,31
236,281,80,44,5.88,150,44,77,3.76,187
121,24,21,49,2.66,12,21,37,11.04,59
226,280,43,35,3.27,35,39,86,10.76,111
108,73,13,41,2.05,66,29,22,2.72,60
162,66,103,76,0.96,135,12,74,13.76,265
102,234,81,62,1.6,161,18,77,1.43,362
155,196,83,51,6.42,62,35,82,1.3,177
137,28,86,68,5.48,52,11,71,3.22,206
119,118,119,63,4.47,58,32,43,13.69,399
91,39,101,59,3.91,51,32,91,8.04,64
203,260,10,34,7.39,20,30,28,11.93,52
63,80,95,76,0.77,112,25,56,3.8,135
172,197,27,17,2.39,107,18,72,7.61,126
217,81,63,49,2.93,155,22,99,5.7,259
198,164,95,11,6.3,94,37,43,12.5,256
178,235,102,39,7.94,109,36,40,0.83,400
237,22,50,20,2.08,113,26,59,4.04,129
170,179,42,37,7.02,55,10,81,2.71,474
77,246,18,60,6.68,53,27,89,12.96,497
42,288,104,64,1.95,31,18,88,7.28,84
151,139,76,78,3.31,123,22,33,6.36,224
30,108,66,47,3.4,134,24,61,7.02,37
57,348,39,4,7.83,133,13,69,14.59,453
157,87,23,75,1.61,39,42,80,12.83,344
137,117,34,66,6.43,17,33,23,10.74,157
145,286,82,9,2.81,107,19,91,4.71,61
144,124,88,52,5.9,66,29,94,2.9,122
204,342,117,74,3.48,120,20,36,13.86,36
154,142,29,7,4.71,82,21,76,6.63,287
137,48,44,40,6.69,124,27,67,4.54,370
42,156,92,61,6.47,29,39,63,7.33,419
185,214,18,29,6.96,34,29,64,13.81,249
213,245,30,55,0.67,28,34,99,6.11,269
196,189,106,38,5.6,14,21,52,8.66,135
124,28,91,10,1.29,84,30,50,12.14,65
223,59,26,57,3.44,137,34,66,6.69,445
128,44,52,60,4.48,81,20,25,3.89,74
31,280,87,3,3.34,164,18,91,14.92,327
247,245,114,62,4.25,49,34,90,14.37,338
167,143,55,59,7.97,35,44,53,12.73,395
47,57,7,61,1.25,36,41,72,10.48,38
239,347,46,41,5.47,92,23,33,4.78,488
118,270,23,37,3.29,137,10,35,13.74,116
60,195,77,38,1.24,179,26,62,4.5,399
191,109,32,19,1.44,166,34,92,12.11,360
17,56,88,64,7.6,176,17,93,13.81,206
36,335,49,23,7.06,178,14,31,9.24,159
36,195,75,12,7.27,42,14,89,12.14,224
235,303,82,59,7.93,106,44,38,11.98,40
30,100,67,58,1.82,120,28,60,3.3,335
39,133,77,78,2.97,25,32,72,10.18,448
106,59,23,5,5.42,32,18,48,1.86,151
37,320,51,8,3.97,144,39,89,7.86,428
120,243,18,62,3.46,35,25,78,2.85,264
201,337,42,55,2.99,105,42,83,6.54,360
234,134,57,69,4.83,21,11,43,12.58,60
206,205,65,2,4.69,81,23,35,14.81,377
70,342,40,56,1.46,142,10,71,5.11,475
57,75,44,4,3.88,115,35,99,8.21,441
156,59,85,79,4.52,126,34,25,7.91,253
13,59,34,39,4.65,35,25,56,14.34,182
44,256,13,2,1.84,142,24,23,7.44,241
201,308,68,39,5.99,31,35,57,10.64,121
58,281,37,30,0.4,22,25,60,13.87,438
26,235,56,6,2.97,165,23,33,5.91,360
181,166,93,75,6.29,170,38,90,13.58,496
229,187,18,22,4.6,116,33,70,13.8,377
167,111,79,72,2.24,32,24,84,13.99,158
230,78,57,68,5.62,106,28,71,4.42,472
55,78,103,48,4.63,27,17,49,6.31,226
126,323,109,36,6.41,126,43,76,13.12,487
15,188,63,69,5.93,39,11,98,5.71,71
108,288,82,70,4.96,35,36,49,9.2,395
133,64,98,2,4.01,153,19,61,2.21,447
242,200,45,69,1.24,48,44,30,1.32,257
46,189,72,13,2.24,170,32,46,6.47,223
33,210,72,61,3.47,163,17,43,8.89,47
102,174,96,28,4.87,175,37,58,6.19,362
55,207,12,57,4.21,139,32,91,8.88,272
190,26,6,24,2.45,122,13,37,7.97,418
104,152,109,26,0.25,143,23,96,10.44,305
108,254,114,22,4.07,55,38,64,9.92,479
197,64,90,62,2.43,59,10,31,6.65,156
234,333,45,64,5.93,175,13,68,6.66,104
125,268,59,53,0.39,115,41,50,2.54,91
200,50,20,26,4.76,155,42,41,7.94,317
222,42,97,56,7.54,164,35,63,9.01,215
169,179,66,47,1.56,178,26,83,7.41,207
224,177,117,33,3.88,81,32,96,5.22,195
170,58,52,56,0.91,83,41,44,10.96,212
76,101,34,6,5.08,26,24,70,1.58,57
137,277,16,37,4.49,166,22,26,13.76,359
27,225,39,50,3.38,79,11,25,0.8,499
34,96,15,59,4.27,159,28,43,14.45,276
243,31,68,40,7.19,15,33,38,7.2,366
232,314,114,62,1.73,35,33,28,6.48,51
63,243,54,10,0.38,176,20,55,4.22,456
67,32,89,7,6.92,149,31,59,0.65,496
76,65,25,36,4.7,108,24,43,4.48,494
113,174,73,40,7.15,151,19,67,2.09,449
183,132,52,23,4.86,31,36,82,10.07,125
33,252,24,42,6.52,60,18,88,5.13,151
123,36,105,6,3.55,160,37,72,11.62,279
41,242,71,43,6.05,113,10,73,3.5,408
184,207,48,77,7.32,98,26,61,13.55,337
95,182,37,68,4.66,150,40,64,8.08,449
160,345,77,31,1.61,147,19,33,2.16,441
203,93,65,58,2.3,18,38,48,6.31,363
136,252,13,74,1.75,88,27,25,3.5,471
164,243,72,30,2.13,61,15,26,3.4,449
243,338,39,38,2.59,139,21,56,7.84,355
139,79,85,14,4.53,162,23,72,10.24,166
227,241,102,33,4.79,22,19,37,13.72,306
26,56,92,47,3.53,60,29,57,7.78,349
113,297,100,24,5.0,43,24,78,14.5,361
170,215,69,46,0.84,44,40,20,14.15,90
146,261,12,18,0.88,140,16,87,13.04,279
52,343,49,67,1.54,129,19,63,7.75,124
185,238,91,7,4.24,79,19,66,2.54,325
48,211,51,19,1.87,156,37,54,3.66,213
230,36,44,23,2.41,76,39,79,9.89,289
179,31,80,34,3.32,112,12,71,6.62,316
35,212,58,31,6.53,82,24,27,2.63,184
108,41,80,33,0.31,125,30,99,7.45,215
59,139,50,43,5.27,142,21,60,0.75,438
162,229,51,79,5.42,76,13,22,11.14,98
161,325,19,11,6.43,148,18,88,1.57,355
22,289,109,37,7.48,130,37,33,9.62,290
69,211,23,35,0.36,103,32,45,12.0,144
144,194,30,74,1.4,138,31,89,2.42,376
66,304,56,29,7.11,100,33,77,8.02,37
45,223,97,12,3.78,101,35,59,11.8,294
182,183,26,79,4.6,72,39,70,4.28,300
29,270,108,40,5.37,38,42,24,2.86,278
74,246,25,48,5.5,21,25,96,5.38,134
17,26,55,20,7.47,86,31,51,8.54,292
247,48,42,16,7.98,50,27,99,8.84,253
153,52,24,29,5.82,139,16,20,2.4,357
151,153,33,25,2.44,46,35,96,7.13,400
213,98,55,73,7.06,33,17,73,4.39,300
124,77,8,10,0.58,108,15,30,12.71,194
224,45,59,48,2.0,159,39,72,5.05,112
152,245,75,34,7.2,109,32,27,12.66,324
101,304,96,63,2.2,148,41,44,6.71,163
107,23,32,20,1.92,67,31,59,11.04,240
75,118,8,68,1.28,38,18,51,7.9,342
41,58,26,75,6.9,172,40,47,9.52,121
224,290,80,41,4.1,152,16,97,6.23,366
200,304,49,48,5.46,69,18,22,11.64,432
95,176,71,66,2.06,104,22,98,6.67,156
60,94,90,30,6.11,51,12,81,7.13,220
162,307,112,51,6.13,52,44,46,8.01,188
195,149,70,14,2.64,83,42,64,12.56,360
72,194,92,2,3.4,169,30,44,10.06,364
199,103,38,35,1.84,73,40,80,5.56,39
134,41,95,49,7.82,11,43,63,10.22,136
159,46,59,78,5.24,161,41,65,9.82,116
67,214,109,49,7.49,75,44,33,14.0,96
67,255,5,50,2.57,175,24,27,12.7,91
95,111,76,65,6.3,40,41,67,9.89,416
58,40,91,62,6.17,124,15,33,5.45,175
189,322,42,30,5.59,35,30,84,11.8,182
179,103,10,40,7.73,38,42,99,8.84,136
79,281,90,27,3.27,87,41,26,14.79,177
24,166,29,18,1.22,34,28,98,4.09,215
63,276,86,72,5.44,57,42,68,1.66,378
244,77,21,14,5.89,74,37,74,1.51,371
197,34,65,70,4.69,76,40,32,9.78,207
110,181,16,27,1.81,99,30,92,14.12,406
234,182,10,50,4.13,155,43,75,0.53,364
17,339,94,68,2.64,146,24,75,11.02,295
62,300,31,8,3.53,47,23,34,10.03,178
69,299,12,59,5.23,96,28,76,11.12,276
245,31,87,50,6.01,158,24,77,5.65,283
117,293,110,54,2.01,74,15,54,12.4,58
14,290,69,66,3.36,158,18,35,1.15,381
112,227,61,63,2.3,36,29,27,11.45,295
205,46,97,18,1.75,115,43,64,4.37,42
15,91,113,44,6.31,132,35,59,7.41,76
118,79,117,26,7.29,53,27,73,12.43,180
233,164,103,4,3.09,109,37,33,4.43,79
125,112,44,30,6.06,37,18,78,3.19,244
103,328,18,33,7.2,26,41,72,10.38,161
56,27,39,27,6.8,136,15,46,8.23,401
108,98,52,17,1.63,132,23,66,7.96,142
64,46,113,26,7.66,177,37,99,4.22,281
177,193,88,55,3.14,140,33,25,1.01,480
61,69,60,29,2.85,85,22,74,6.45,370
153,218,53,74,0.69,55,21,63,2.05,82
22,200,17,57,3.99,167,28,37,13.64,159
123,43,65,66,1.05,78,30,35,1.1,353
133,335,106,42,2.14,146,36,31,6.76,222
115,65,53,52,2.67,94,28,39,1.26,108
167,34,50,72,6.51,20,33,64,1.89,86
156,172,117,79,7.03,78,35,83,10.05,126
154,241,66,30,2.56,108,37,78,9.88,227
129,225,12,20,6.9,100,27,41,0.98,164
72,292,47,67,6.89,168,38,66,0.52,176
28,255,24,42,6.16,170,26,48,1.64,201
101,247,101,46,1.34,176,13,64,11.56,92
67,28,94,16,5.58,103,38,96,8.98,94
192,185,43,4,7.57,174,13,28,1.05,324
99,338,89,12,5.52,124,19,43,7.58,240
238,233,53,54,2.79,40,34,34,10.82,138
227,136,68,47,4.1,20,40,55,13.1,311
126,91,66,31,5.24,96,12,32,14.04,201
71,83,110,58,4.18,130,11,63,5.25,41
32,224,111,19,1.14,139,34,90,2.47,435
136,228,58,52,2.63,114,15,91,3.94,362
146,91,109,49,6.46,36,35,97,11.75,249
149,296,13,67,6.92,11,17,95,14.59,427
138,293,92,9,1.27,112,44,55,7.26,371
67,339,41,23,7.63,110,36,80,4.93,315
131,114,53,7,2.76,30,34,59,6.72,201
10,185,45,77,5.37,67,27,46,4.92,497
248,51,21,58,6.06,142,10,20,4.22,265
43,30,92,37,6.53,94,12,53,9.11,195
105,320,25,58,7.58,102,13,87,0.73,216
135,236,55,50,2.64,29,24,40,4.26,199
127,308,63,46,6.9,70,17,52,10.09,81
57,121,43,67,1.23,47,28,26,0.96,348
98,286,59,78,5.7,157,35,84,1.71,218
241,233,45,46,5.99,34,19,22,4.75,149
246,198,43,21,5.49,139,23,70,13.23,134
126,107,17,65,2.17,130,28,98,11.59,191
138,60,68,68,7.01,169,39,73,0.82,324
25,95,15,4,1.52,35,14,99,7.77,70
198,65,114,55,0.62,178,40,93,4.48,406
240,179,23,79,5.8,76,16,78,9.91,393
201,99,15,65,3.91,10,28,25,10.96,194
200,329,81,41,6.82,60,40,48,13.01,350
78,105,50,60,3.19,14,33,36,7.39,403
31,111,49,56,1.51,22,43,79,14.92,364
102,167,5,63,6.72,156,32,41,14.71,189
204,180,44,5,4.48,149,15,43,13.29,293
85,221,112,61,1.68,57,36,70,8.84,382
163,261,23,76,5.82,162,20,69,6.27,47
153,21,80,31,4.19,66,14,30,5.78,202
188,244,76,3,4.91,124,26,75,0.68,381
238,308,76,63,3.8,44,16,90,4.11,62
95,252,65,50,6.66,85,36,61,10.92,290
194,96,113,10,6.67,103,24,58,9.25,239
38,135,16,32,5.73,14,22,88,13.79,412
215,173,65,62,1.02,31,20,67,1.23,359
229,122,116,49,6.74,112,35,76,2.75,411
78,213,37,26,5.43,140,31,40,11.94,193
56,185,49,37,5.64,133,37,39,5.7,436
103,109,94,9,3.03,62,33,34,2.22,453
247,193,107,74,7.06,168,38,88,14.95,34
199,141,96,59,5.86,78,18,96,11.92,63
206,162,73,46,1.08,113,13,70,6.43,309
213,125,12,63,3.38,170,27,95,12.44,174
153,324,29,40,7.11,25,25,81,10.37,380
227,336,95,59,0.57,125,42,56,11.95,100
227,142,50,65,7.7,85,38,25,12.32,494
185,28,91,45,5.5,118,19,90,1.73,377
94,281,34,30,5.12,48,18,45,9.53,259
48,92,113,60,2.31,98,40,27,0.6,154
109,242,51,72,2.14,121,37,92,1.13,307
42,60,91,10,7.55,56,12,23,13.61,300
231,223,53,7,2.53,146,23,40,8.15,386
110,283,51,30,6.25,137,34,50,11.17,44
32,347,88,59,3.27,86,24,40,12.66,271
19,197,86,18,1.29,24,11,44,14.27,182
78,337,22,17,0.28,45,33,34,13.11,82
109,103,70,4,4.45,72,23,54,7.51,178
43,337,72,22,7.81,78,16,68,5.37,387
189,130,98,65,3.08,178,33,62,2.74,479
232,270,37,37,2.99,83,36,60,6.3,248
147,26,40,63,2.88,33,39,56,5.81,142
156,103,86,43,4.26,58,36,76,8.61,317
195,227,105,77,3.64,155,24,61,10.15,306
105,333,23,43,7.06,16,35,66,14.69,481
10,41,115,62,4.14,13,10,80,11.06,457
78,22,32,14,4.16,99,13,33,9.83,112
246,146,44,12,1.28,69,38,87,5.36,479
13,316,88,55,7.87,64,10,72,1.0,247
25,207,117,17,2.15,25,31,53,4.68,255
33,33,101,9,0.77,38,20,95,11.64,299
89,31,80,60,5.37,160,19,43,3.48,44
11,106,119,58,4.84,23,26,39,10.83,433
229,31,19,41,3.44,88,35,88,8.91,319
137,44,45,60,3.49,42,30,49,2.99,449
169,320,43,3,6.32,162,22,26,4.29,368
228,262,6,77,1.73,30,18,55,7.7,294
93,141,67,11,6.6,154,20,57,6.57,228
161,166,33,45,5.26,32,20,99,11.79,187
149,74,109,12,3.47,66,15,71,11.15,362
187,257,78,3,3.77,151,10,34,8.83,476
172,192,70,51,2.2,102,15,65,12.42,448
133,240,55,13,6.07,29,22,42,8.66,426
42,138,79,24,4.2,167,31,31,14.48,236
170,328,81,19,2.7,28,40,63,3.65,203
198,202,14,63,4.85,112,31,34,10.85,213
188,307,18,63,7.97,86,36,68,5.86,294
180,326,86,39,3.6,160,23,40,4.55,275
110,319,55,68,7.38,42,14,34,3.12,65
21,101,77,39,2.89,27,41,33,8.51,402
76,230,43,68,0.63,82,43,61,3.62,288
74,169,32,62,1.79,170,16,99,3.41,48
170,56,7,2,3.47,169,19,34,14.86,441
177,331,88,46,1.91,26,26,82,12.13,52
83,78,74,29,0.2,28,39,87,11.35,133
52,150,31,22,7.34,79,30,46,12.01,270
53,221,6,14,6.78,129,22,72,14.55,420
38,262,97,28,5.99,110,10,71,8.81,390
150,54,42,8,1.51,43,10,82,3.69,233
21,112,7,23,1.14,93,42,92,13.0,282
104,226,20,75,0.73,162,34,72,11.27,171
55,324,98,54,5.85,83,35,76,6.51,331
139,232,44,5,7.44,97,22,71,7.37,172
44,178,6,24,3.56,94,37,62,6.46,480
224,43,85,71,1.13,20,42,26,13.98,300
90,312,45,77,4.2,100,39,61,5.48,336
99,23,16,34,2.92,153,17,23,14.47,139
17,239,39,29,3.12,136,10,88,13.7,37
102,39,111,9,5.05,122,21,24,9.64,98
163,171,69,2,5.81,89,14,94,8.91,219
211,69,59,38,1.06,16,33,99,5.87,208
99,196,49,64,0.48,25,15,60,0.77,92
171,115,83,23,7.96,25,34,23,2.35,97
124,124,94,71,2.02,177,10,21,11.44,235
114,269,105,22,0.62,21,34,86,7.34,429
144,136,89,36,1.68,44,10,40,2.67,497
205,247,66,6,0.5,30,41,89,4.33,437
67,85,53,61,3.26,26,12,62,14.24,35
123,281,99,47,6.46,41,28,88,5.82,148
246,314,29,51,2.86,50,38,28,13.66,342
84,262,27,49,3.66,143,11,47,4.92,60
166,205,28,7,5.47,36,18,45,8.38,35
129,265,42,57,4.17,157,26,22,0.8,236
173,144,32,60,6.92,162,26,92,8.07,186
226,287,25,30,6.96,75,21,68,9.74,96
30,150,58,72,0.28,146,29,36,3.9,488
173,256,111,78,6.27,101,12,82,8.89,416
147,37,22,19,3.79,70,13,74,9.88,441
110,59,40,3,7.91,175,26,42,10.46,359
210,40,103,9,3.97,12,24,53,11.76,399
161,244,49,76,7.9,112,42,88,5.01,382
201,301,77,55,6.09,64,25,34,8.73,461
236,27,57,39,2.14,10,20,66,14.73,365
186,119,106,49,4.4,110,29,22,13.52,408
108,259,34,28,7.94,54,33,47,14.31,423
249,106,64,21,6.89,35,25,22,6.1,318
45,317,112,13,0.96,130,39,23,11.91,480
219,33,102,44,5.71,151,43,50,9.49,482
240,21,36,62,2.9,55,10,64,1.7,169
105,312,71,32,0.25,131,33,78,12.45,470
161,344,71,62,3.35,40,33,64,10.32,329
160,60,32,75,2.03,68,18,94,3.38,42
199,337,48,68,6.59,38,31,56,1.66,181
233,335,83,36,2.83,115,21,84,12.64,457
46,130,45,16,6.65,26,26,28,1.64,342
21,33,67,17,0.2,151,34,36,1.82,381
122,250,27,14,2.6,173,37,84,6.7,429
192,103,108,36,2.08,33,24,22,2.45,138
22,149,79,76,2.02,118,39,45,13.75,405
32,250,52,60,0.73,100,36,72,7.32,385
226,345,36,22,1.66,34,31,50,8.75,178
108,164,61,55,4.53,41,19,45,13.96,396
114,47,104,76,2.47,125,40,42,8.19,233
39,85,37,31,3.46,91,36,49,5.63,336
26,182,28,49,3.14,119,21,29,12.06,50
122,248,43,36,7.03,155,40,91,6.92,89
71,280,38,39,7.26,46,41,83,5.12,464
93,183,60,32,4.05,35,41,41,10.99,50
121,320,32,79,2.78,146,44,34,12.12,392
226,322,41,25,1.03,73,30,75,11.98,411
95,306,11,50,7.64,81,19,93,14.68,274
150,29,72,33,0.67,157,25,39,11.91,419
196,214,41,56,2.52,115,16,66,11.66,102
28,137,60,59,2.52,95,13,72,12.93,478
186,289,69,4,2.7,167,36,72,0.5,105
109,99,69,70,1.48,62,34,20,5.76,215
149,112,51,11,6.31,101,40,21,11.2,107
198,285,24,26,1.16,108,20,77,9.2,419
242,276,23,69,5.15,20,29,38,3.07,94
156,152,33,62,1.17,40,26,81,4.9,371
85,295,78,30,0.75,109,20,97,5.38,319
18,283,64,20,7.29,96,39,91,8.73,85
208,190,22,44,1.68,156,44,31,12.56,360
37,20,96,67,6.61,149,31,45,14.02,288
215,332,39,75,4.45,24,36,46,11.38,455
232,83,47,62,0.81,168,44,48,12.72,219
137,303,115,44,7.65,110,13,34,7.32,35
61,140,99,26,2.13,174,25,65,6.15,35
92,126,95,21,6.91,38,25,20,6.19,220
120,194,15,49,1.52,123,30,79,9.43,177
153,223,53,25,6.86,116,35,76,2.3,434
126,184,117,12,0.3,163,28,22,8.9,287
78,324,42,56,4.19,117,26,37,10.14,247
108,139,68,29,6.2,139,35,71,6.86,119
149,63,73,70,7.49,93,31,79,14.32,341
34,331,12,64,7.29,24,37,53,9.32,381
189,175,38,60,6.59,141,10,79,3.69,39
132,226,52,6,7.13,59,11,45,7.45,116
222,127,60,52,1.75,175,26,91,10.29,279
237,270,80,22,2.42,32,30,38,5.19,355
62,149,106,13,2.45,68,18,41,1.65,180
160,312,69,51,3.14,99,22,52,8.96,142
153,39,35,5,3.27,124,20,57,14.24,59
66,301,8,43,4.45,84,25,54,7.53,157
48,304,117,39,1.45,165,25,86,13.64,107
118,20,113,26,5.59,132,11,29,12.61,450
190,138,54,15,1.51,145,17,34,2.64,84
51,54,73,76,2.62,166,22,30,10.77,334
195,217,34,33,4.13,148,26,43,6.81,63
176,264,92,12,6.41,27,33,96,4.13,134
151,78,63,62,5.97,59,12,23,10.46,201
232,344,71,19,5.24,151,39,32,11.27,51
131,180,79,28,1.42,127,22,92,3.11,316
142,198,49,56,4.47,146,28,76,13.76,420
172,225,8,55,0.88,148,16,56,11.39,134
224,31,30,76,3.14,117,18,67,14.03,178
230,295,31,22,3.43,76,28,90,5.1,301
244,200,50,45,0.51,176,31,20,14.12,305
84,261,111,6,2.34,87,27,79,5.84,328
155,235,68,42,7.65,165,32,31,1.28,201
248,270,95,60,7.64,84,11,40,11.56,76
85,318,110,55,2.95,48,20,30,10.7,143
18,145,55,75,0.54,34,40,63,9.17,304
83,236,54,23,1.6,30,42,77,7.6,333
195,325,10,66,3.26,147,23,63,0.97,236
245,304,63,65,7.59,24,25,97,9.56,482
154,204,19,72,1.3,57,20,53,6.54,424
239,58,34,5,6.16,95,42,44,8.62,492
16,242,46,66,1.05,158,16,23,6.73,442
183,203,105,16,7.85,125,40,83,14.51,271
150,197,41,77,3.18,59,23,35,9.26,330
177,313,46,23,6.25,160,37,29,11.36,225
179,170,105,48,2.87,150,25,85,14.08,193
146,145,39,47,5.1,78,28,54,9.08,205
187,320,91,15,1.7,13,26,25,0.67,372
36,327,10,51,1.34,87,35,38,1.0,300
131,253,72,21,7.52,18,15,78,10.68,139
203,27,22,51,7.36,130,18,72,4.55,201
14,148,77,34,7.12,124,26,27,8.9,480
38,283,117,60,5.08,172,40,97,3.43,381
174,176,33,44,6.5,110,21,29,4.42,231
175,24,81,13,0.74,158,32,86,7.82,197
92,105,63,41,2.81,155,14,57,14.65,131
145,194,51,21,2.65,106,12,48,9.44,115
249,309,21,39,5.16,90,33,34,14.07,171
118,212,113,4,2.98,52,26,42,14.41,476
74,330,100,29,1.36,104,35,65,3.52,366
95,138,116,57,4.85,15,13,47,5.01,242
154,237,26,14,6.55,76,21,45,11.66,80
80,133,72,78,3.18,149,10,29,13.07,141
226,164,73,67,1.23,109,30,66,8.03,492
54,45,41,38,1.73,21,28,23,14.9,471
141,155,109,50,2.05,75,30,74,0.67,300
45,322,53,67,2.54,11,27,85,4.84,94
79,251,17,37,5.21,152,12,86,9.54,373
168,95,38,55,4.89,160,41,26,7.3,212
28,347,113,27,5.63,166,19,74,2.19,361
198,321,90,76,3.03,90,24,99,5.83,39
117,308,57,73,6.63,144,14,50,0.87,263
191,20,91,41,1.79,165,13,93,9.82,327
176,166,55,44,3.86,151,37,38,13.44,273
100,306,7,23,6.45,167,13,47,13.33,380
211,161,46,21,1.61,169,24,47,10.64,296
99,72,102,9,1.06,79,26,38,7.25,147
28,323,36,30,7.09,124,12,39,7.92,173
48,88,113,41,2.87,97,19,32,2.49,410
135,109,55,31,5.53,15,32,96,5.44,230
204,239,117,56,0.4,36,27,62,3.22,268
182,211,89,17,5.58,91,10,30,12.41,363
150,82,50,47,2.67,97,44,67,13.76,432
229,92,112,63,0.63,129,40,34,8.29,444
135,180,25,8,4.96,33,10,36,11.05,486
67,188,48,46,2.08,111,12,73,2.26,466
157,108,15,60,3.22,43,12,69,9.32,275
229,195,107,57,0.83,177,28,47,10.69,375
209,288,72,49,1.35,56,38,23,7.07,37
70,92,119,28,2.52,33,34,41,4.03,181
136,264,5,54,0.9,74,42,58,13.22,421
114,96,96,74,7.3,27,38,53,11.27,240
176,178,67,36,0.25,53,35,63,13.55,396
10,343,28,52,3.97,85,13,61,12.37,461
140,117,103,38,1.16,66,23,59,14.86,187
214,121,17,58,2.6,116,36,31,3.29,87
101,151,115,9,7.42,165,42,21,1.76,115
199,121,102,21,1.46,133,31,47,5.39,84
200,38,15,54,7.73,160,12,93,2.37,230
122,101,104,13,1.81,171,32,86,8.09,151
162,298,55,50,5.98,148,30,90,9.68,475
65,148,21,18,4.46,172,32,91,8.89,137
170,329,103,65,7.1,125,13,95,4.26,333
175,108,86,43,4.52,102,30,29,13.68,161
126,232,108,30,4.37,51,40,76,0.81,450
143,162,90,20,1.72,37,30,56,5.55,421
67,84,28,12,1.5,132,35,96,10.93,414
53,95,23,51,7.35,33,44,83,11.62,227
182,218,41,72,2.76,145,33,98,6.53,76
169,162,107,59,3.1,115,20,59,0.75,257
182,335,89,35,6.13,127,38,79,9.46,274
70,112,12,21,2.84,62,12,67,1.41,232
56,324,32,51,7.63,141,10,38,2.06,290
158,243,9,11,5.96,109,28,91,9.93,207
89,310,21,33,4.86,14,31,52,5.03,53
127,121,105,53,7.07,58,23,63,5.55,204
222,286,40,16,0.59,107,23,56,7.56,303
212,129,23,4,2.21,39,25,55,14.69,369
238,349,68,38,3.83,81,42,40,14.5,441
173,284,95,41,1.97,112,22,21,6.54,490
236,22,102,73,6.0,72,21,50,4.35,290
156,104,15,41,7.37,35,42,49,4.89,315
29,301,58,57,3.51,46,42,95,4.4,30
194,347,49,24,2.87,16,38,63,8.22,115
155,323,51,12,7.7,136,14,31,9.3,367
56,136,16,65,3.67,177,15,70,7.59,459
242,240,25,9,4.01,101,40,68,6.42,98
58,173,15,57,2.94,176,25,43,3.56,60
23,172,107,61,7.29,112,40,43,7.5,227
152,31,96,11,4.64,62,34,79,5.45,120
168,152,9,40,6.14,141,42,30,8.35,469
10,323,85,29,6.53,117,22,32,10.29,378
126,312,60,50,2.87,121,19,91,9.68,412
63,319,24,37,3.58,162,33,93,7.21,441
127,247,45,14,6.82,16,19,91,8.56,45
12,290,50,37,3.03,165,40,83,4.63,339
153,62,16,27,6.39,76,22,39,0.85,466
224,345,74,5,7.54,117,12,91,9.56,425
194,321,21,65,5.06,120,43,92,4.16,305
212,40,119,39,5.98,157,37,90,10.2,367
21,126,23,23,6.48,92,28,97,11.33,191
83,322,30,3,6.79,133,32,47,13.78,466
233,136,52,32,3.28,148,41,21,14.39,221
25,143,112,12,0.6,113,22,62,0.65,180
209,300,112,47,3.33,76,42,27,14.86,394
111,311,56,63,5.46,16,43,32,10.4,440
213,222,100,70,3.71,160,42,54,9.83,142
161,70,74,65,6.04,119,14,42,0.72,302
165,290,59,11,2.98,43,12,65,12.99,205
126,343,104,41,5.15,115,16,34,2.61,178
17,296,106,25,1.65,156,33,21,12.64,207
131,160,79,45,6.05,67,31,80,0.73,453
101,294,37,61,4.46,18,32,95,9.87,411
173,309,66,63,1.79,57,39,83,6.8,252
99,71,92,18,2.48,124,27,71,3.41,288
145,46,27,66,6.04,50,41,55,2.06,302
195,176,19,58,3.96,57,16,86,6.88,218
69,258,31,56,1.89,34,42,88,2.29,335
187,175,79,54,7.74,125,14,86,7.55,407
37,310,68,57,5.78,87,37,66,9.57,119
229,155,119,10,7.67,117,17,21,12.5,372
110,163,118,23,3.53,34,24,63,10.34,291
50,125,85,14,3.91,156,13,83,1.45,185
237,177,55,49,7.2,48,43,97,4.96,229
201,165,57,19,4.3,128,14,47,4.68,84
164,21,82,77,5.72,88,42,73,13.77,283
200,96,95,41,2.17,89,14,93,13.08,471
154,151,86,18,3.68,36,43,86,5.87,202
210,109,96,16,1.16,113,35,55,1.53,229
170,282,55,16,1.81,83,10,82,13.46,432
221,127,51,64,0.21,77,13,44,13.38,131
214,93,115,40,0.51,156,35,67,12.89,314
229,58,8,14,7.82,37,42,58,12.75,180
249,178,11,33,2.09,132,42,66,7.46,140
166,90,113,10,5.37,170,17,40,3.07,445
150,331,39,41,6.74,147,29,49,7.42,295
55,260,52,21,4.5,92,25,50,7.67,120
44,317,77,78,1.39,39,30,45,7.6,206
143,55,76,74,5.88,31,35,41,8.31,478
91,103,49,64,4.88,12,32,40,4.24,260
124,282,85,77,5.9,110,27,20,5.81,58
206,329,85,45,6.2,114,40,56,6.8,472
56,191,117,39,7.81,11,21,96,2.4,330
162,192,101,61,4.67,63,10,65,7.1,224
203,66,100,72,2.86,15,18,28,12.25,336
19,160,76,49,5.26,116,12,36,12.51,268
65,137,23,19,0.73,177,35,66,6.47,386
39,296,67,17,7.2,132,18,78,8.02,413
118,233,42,56,1.13,11,25,73,0.99,296
14,239,71,40,2.76,120,33,31,10.28,243
128,45,63,69,6.56,11,23,83,6.37,111
42,28,73,60,4.86,102,12,25,6.96,157
127,290,17,63,3.27,110,43,72,13.17,291
74,29,51,14,3.89,106,42,35,7.2,96
155,140,114,7,6.87,120,33,24,0.81,91
233,144,65,78,2.85,15,18,92,3.8,162
248,189,35,61,6.98,136,22,65,7.4,166
186,91,84,15,0.89,113,11,33,6.65,57
20,171,118,55,6.26,156,16,63,12.98,240
94,227,100,5,6.81,164,30,82,8.36,234
35,68,26,40,1.62,10,28,71,10.5,282
72,173,97,73,3.56,42,34,45,7.31,67
226,312,90,26,1.49,49,31,72,6.88,72
95,87,47,78,5.71,41,20,48,6.97,146
68,69,71,33,4.38,26,42,38,6.46,434
36,171,58,60,5.16,135,41,66,8.31,219
186,38,14,64,1.73,17,30,27,4.13,75
214,119,46,39,1.85,66,29,42,13.42,483
170,79,68,54,0.52,51,17,54,5.33,195
107,186,25,68,2.71,107,18,72,2.64,334
114,221,84,29,4.57,146,34,77,1.9,232
108,165,80,4,6.89,129,34,24,0.69,262
138,183,70,23,5.4,96,42,35,6.63,274
158,261,45,39,3.6,172,11,36,3.22,238
249,88,28,73,7.63,63,28,51,0.81,277
64,194,39,73,5.81,93,29,71,8.04,324
15,68,60,63,7.46,34,38,39,10.36,356
229,127,34,58,4.32,76,15,85,1.74,412
218,245,61,7,2.22,161,26,20,7.18,187
206,180,98,79,0.61,55,34,77,11.28,434
104,138,51,33,5.86,31,13,63,14.79,30
142,168,39,11,1.15,148,39,25,10.17,246
111,169,23,4,2.56,17,29,69,4.05,445
12,312,118,60,4.35,48,12,91,10.89,278
190,162,12,77,4.6,172,32,39,9.17,421
32,179,30,50,4.88,58,27,33,3.57,98
238,30,117,60,1.5,55,35,24,12.84,59
62,157,108,32,3.16,47,17,60,6.7,144
174,97,75,70,5.01,145,26,59,14.45,37
211,96,34,63,7.76,63,40,53,10.98,398
211,273,11,53,5.88,174,42,99,9.85,304
92,277,71,42,7.4,101,36,64,11.06,344
154,339,69,32,6.15,49,13,90,7.43,468
94,310,40,23,4.82,43,31,99,7.83,443
87,282,29,5,1.7,105,35,90,12.84,364
210,104,41,14,5.4,88,41,46,10.37,65
119,165,5,46,5.06,136,33,97,13.51,340
10,342,19,43,4.9,26,44,97,13.42,73
60,61,41,50,4.02,170,41,63,14.66,184
182,144,17,21,4.32,119,16,52,10.65,106
214,186,108,78,2.81,61,42,52,7.78,107
13,260,12,55,4.25,127,40,63,2.91,130
199,299,9,37,1.74,18,21,39,10.73,467
202,207,64,2,6.48,42,20,55,4.73,461
122,321,77,16,1.65,122,33,26,4.6,59
241,38,5,78,0.86,158,17,51,3.96,68
41,87,40,18,3.6,94,41,86,13.19,268
43,237,39,25,5.33,19,31,58,13.09,42
101,121,70,59,3.61,15,43,43,9.65,151
104,61,67,73,2.36,124,28,89,7.36,173
81,307,108,24,4.55,130,29,73,10.25,201
48,186,27,47,2.91,150,23,57,9.3,484
163,128,13,73,7.48,74,42,93,6.53,397
171,55,38,9,7.4,29,19,99,6.0,276
191,251,50,60,4.12,66,25,94,6.05,276
127,248,82,60,2.76,55,13,51,9.04,440
12,183,8,14,5.95,145,36,64,9.89,74
132,92,34,40,0.49,19,37,80,7.05,282
59,155,99,29,3.9,122,25,89,14.55,404
21,89,106,62,2.82,148,42,72,1.72,320
202,215,79,17,7.38,21,28,70,5.53,236
63,288,103,3,0.29,147,30,95,6.58,441
245,68,76,18,4.51,162,31,75,0.75,36
142,335,7,31,5.98,20,18,46,5.79,475
231,149,18,14,3.98,127,18,57,4.47,271
231,24,64,14,0.87,173,18,81,7.84,139
66,46,81,44,7.79,48,36,37,5.38,143
154,179,49,22,4.24,62,26,83,11.03,336
121,168,100,56,4.99,65,17,96,7.89,331
56,283,38,41,2.05,113,25,49,2.38,305
160,249,49,16,3.97,138,27,68,11.38,125
216,219,65,74,3.55,65,42,60,1.94,323
238,69,87,53,0.78,127,10,32,12.67,218
94,86,106,75,1.03,141,21,53,14.01,389
151,319,20,54,6.73,39,15,44,5.18,317
75,77,70,53,2.07,21,14,85,13.93,183
84,278,44,31,1.72,44,25,37,12.0,87
188,345,21,34,4.14,86,27,24,13.88,452
112,149,38,58,6.2,168,27,38,10.16,433
175,234,110,53,0.68,111,10,61,3.92,367
201,191,20,10,4.7,96,28,37,13.47,79
235,277,106,55,1.13,61,17,51,3.17,236
47,121,64,2,0.48,89,12,40,3.59,81
59,228,70,45,0.61,144,34,29,4.43,371
107,310,70,76,6.71,31,14,56,4.91,400
91,305,94,10,1.12,84,28,68,7.96,179
39,135,17,33,0.55,67,27,32,10.85,82
88,283,60,16,3.62,102,40,74,13.93,242
100,169,115,13,6.78,112,42,36,1.78,95
188,319,35,79,2.25,149,27,28,14.34,261
200,55,38,58,3.49,16,25,63,13.86,402
235,306,43,9,0.51,137,25,97,1.28,328
61,322,71,73,3.7,64,16,65,5.72,367
175,330,12,28,4.71,115,23,27,12.29,180
234,227,91,63,4.65,71,34,56,9.37,234
225,125,82,13,2.79,99,41,38,11.8,349
88,177,59,66,2.66,107,31,82,10.93,284
39,140,31,43,1.03,86,25,65,7.7,166
115,74,97,63,3.06,128,38,90,1.1,398
60,31,107,12,0.98,45,25,45,8.97,164
90,164,57,44,6.18,98,21,65,1.2,454
142,155,43,18,7.74,161,26,65,9.25,83
38,22,69,33,7.77,154,36,94,12.11,94
141,163,21,41,6.95,139,34,33,8.98,31
147,49,109,24,4.89,150,22,82,14.96,161
193,256,34,57,5.67,168,17,91,7.11,363
154,298,57,7,2.42,102,14,22,11.36,61
83,134,17,51,5.12,123,21,47,10.17,385
26,123,25,38,3.75,37,12,48,14.88,415
93,137,23,65,3.96,164,44,37,10.84,389
225,24,57,55,6.11,152,42,54,2.88,272
78,267,23,73,2.4,42,31,96,14.36,221
43,340,61,50,2.68,29,18,95,10.18,171
15,140,29,12,7.41,179,27,66,1.36,177
62,305,90,50,0.64,149,38,24,10.03,118
203,168,35,22,3.99,110,36,94,13.31,78
214,103,85,67,7.32,32,26,78,8.87,165
135,250,59,64,4.96,121,43,94,5.63,220
244,307,27,29,4.46,23,12,78,12.4,459
52,180,36,18,2.15,100,14,66,11.85,178
249,291,66,7,2.88,162,23,32,8.39,116
212,57,78,20,6.85,86,12,97,2.74,445
124,245,14,57,4.56,94,32,52,4.14,37
120,161,104,29,4.21,118,39,81,11.21,252
160,311,76,67,0.98,40,32,98,12.19,386
192,170,58,39,0.33,131,36,35,4.55,45
89,133,56,38,7.72,116,19,63,5.84,325
104,256,24,69,3.14,63,34,77,1.63,135
212,85,36,50,4.91,142,22,25,10.85,312
127,277,118,44,0.82,150,25,34,0.55,133
153,268,18,37,5.53,165,43,23,1.17,390
17,342,54,59,7.47,52,31,75,0.56,175
141,199,32,14,4.69,98,26,83,9.86,64
113,209,114,53,1.18,124,32,87,6.55,142
141,173,57,59,4.74,108,18,53,4.81,337
193,215,28,33,6.18,56,11,75,13.73,428
34,330,83,61,3.37,80,41,51,3.3,476
204,281,26,59,7.06,175,31,28,6.15,82
105,162,34,57,5.26,76,22,82,14.13,376
204,335,67,29,7.21,71,17,91,6.69,110
164,120,8,2,5.06,118,10,97,8.54,133
102,263,81,43,1.22,176,26,52,1.66,351
169,31,63,49,2.62,46,21,40,11.96,398
187,258,91,41,1.77,128,13,74,6.63,271
70,68,12,64,7.29,95,22,95,12.11,60
131,61,86,77,6.13,135,40,76,4.18,346
60,185,16,73,5.48,145,16,21,6.63,221
156,101,35,5,2.55,61,32,32,11.9,386
30,310,82,39,1.64,100,33,23,14.62,390
14,177,38,28,6.1,42,14,69,1.36,262
219,235,86,10,3.9,90,14,67,12.28,127
101,177,102,17,1.96,51,26,97,4.86,63
179,153,79,57,5.01,121,39,49,8.49,272
70,86,109,77,0.51,135,18,48,4.71,468
31,26,80,32,2.74,164,15,27,9.39,88
158,33,53,15,3.85,145,34,31,5.63,288
79,92,83,26,1.35,160,28,60,5.34,46
10,182,61,35,7.88,115,25,45,1.05,107
142,85,99,68,1.83,134,30,69,2.63,235
242,149,117,25,1.22,122,11,21,13.8,331
21,225,97,74,1.79,73,19,74,14.98,195
99,295,30,27,6.2,132,25,75,11.82,320
55,275,22,21,3.52,123,24,33,4.66,414
43,285,100,65,4.61,29,22,25,6.34,141
186,44,90,11,0.36,25,22,80,11.22,442
87,300,42,68,0.47,154,41,31,14.54,417
227,272,85,25,3.68,28,17,32,7.1,346
54,329,91,6,6.57,129,27,38,12.53,382
164,308,92,68,7.1,145,35,63,14.64,174
82,183,54,59,0.88,175,19,78,13.17,185
35,114,12,28,4.4,47,40,56,3.79,207
56,289,45,16,7.32,102,42,44,0.62,375
130,340,10,36,3.23,114,38,35,7.64,165
223,129,73,77,6.67,109,14,57,8.2,447
248,329,48,54,1.24,99,22,62,3.42,344
65,257,68,45,7.5,168,10,33,4.63,47
103,44,33,27,6.06,53,32,25,11.59,380
116,160,32,48,7.54,85,12,42,7.32,472
72,136,15,35,5.48,154,12,79,5.1,184
57,44,69,51,3.03,88,16,31,9.53,301
70,98,111,13,7.52,82,44,32,9.97,295
90,87,23,5,2.35,176,24,25,11.66,389
35,192,13,49,2.79,179,12,82,2.77,361
45,31,31,56,5.67,149,38,57,11.25,435
10,307,38,2,6.17,105,39,69,9.19,45
17,147,48,67,7.45,98,27,71,1.33,41
122,115,72,31,1.8,112,20,59,11.77,104
108,111,104,4,6.42,155,10,27,6.05,241
189,160,86,22,5.96,15,38,80,5.29,208
216,50,19,50,0.7,131,19,27,7.0,158
56,39,55,63,3.22,125,37,53,5.52,312
136,165,17,39,2.41,172,40,98,5.41,224
65,335,87,16,2.58,71,28,79,12.22,297
223,179,53,53,7.87,153,12,76,2.31,59
23,62,74,47,5.21,145,24,65,14.57,38
227,273,116,26,5.8,98,42,41,8.55,338
37,149,60,22,7.82,105,35,59,3.15,474
224,79,80,6,3.14,135,25,64,2.4,339
87,170,55,71,6.45,99,42,74,9.08,194
225,306,41,48,3.59,95,29,70,9.68,222
139,24,21,69,6.98,168,22,24,1.27,455
118,285,62,19,1.61,147,42,32,4.02,334
163,149,91,22,7.59,130,14,47,12.03,289
23,286,94,24,1.91,85,23,99,1.22,221
196,197,33,65,2.74,101,36,81,12.9,108
65,272,37,68,6.1,79,32,43,10.04,208
124,75,64,41,3.27,157,23,26,6.8,120
16,102,95,11,4.94,142,13,57,5.52,485
12,118,93,53,3.67,32,28,56,0.78,473
120,168,59,73,5.99,146,13,87,12.47,244
160,348,14,76,1.98,67,39,61,2.57,108
247,175,51,62,0.66,55,28,24,4.99,444
116,209,27,65,2.54,31,40,83,8.75,132
248,282,89,6,3.9,17,40,69,4.07,140
246,99,25,54,1.51,132,18,34,7.71,485
27,271,111,56,2.97,29,22,92,12.24,343
47,116,17,38,3.32,87,23,72,7.32,276
236,279,105,57,0.65,48,19,44,14.26,263
124,279,37,60,4.75,46,40,28,12.79,111
24,122,28,70,7.1,171,32,57,5.33,161
201,59,112,74,1.38,84,36,41,6.3,264
226,292,15,60,4.86,127,15,68,6.64,307
128,120,21,3,5.38,113,35,87,9.58,416
238,327,72,66,3.47,170,11,34,4.66,364
37,240,51,61,5.67,40,22,84,14.55,128
211,327,29,52,3.4,132,28,73,9.33,460
48,143,98,31,4.14,63,10,49,6.29,67
194,250,77,12,0.26,43,41,39,9.85,190
26,197,25,77,5.6,131,31,52,6.23,491
240,82,88,40,5.36,122,38,96,12.36,461
95,135,87,78,0.5,71,11,26,8.73,478
227,210,87,73,3.07,32,20,27,1.11,146
135,81,16,64,7.84,55,26,47,3.06,270
53,275,41,65,3.48,65,17,64,13.04,55
34,26,46,62,4.12,144,31,92,8.66,165
154,174,21,55,7.3,127,13,99,14.28,79
22,111,105,74,5.79,140,20,93,1.55,493
221,33,52,59,4.74,175,17,30,4.78,323
34,248,107,57,6.42,171,18,50,3.31,423
77,105,32,35,6.94,122,35,31,8.53,327
147,152,45,32,3.76,53,11,97,6.05,322
76,202,103,53,3.91,137,25,70,2.78,183
242,81,51,77,3.21,117,40,63,9.82,249
118,238,116,2,7.74,167,15,69,8.28,169
155,265,22,56,5.64,26,30,36,4.48,497
120,249,82,23,0.85,68,35,54,7.46,78
237,98,103,41,6.93,147,28,20,11.31,171
120,168,112,2,3.95,108,37,48,3.48,75
223,157,109,66,0.74,93,17,70,4.75,192
43,333,75,64,4.49,155,23,83,5.52,314
120,84,109,55,3.45,54,33,23,11.33,297
17,32,17,43,7.05,117,35,47,12.78,145
177,232,86,22,1.79,71,40,35,5.96,111
122,261,105,23,6.65,68,41,82,4.8,73
245,232,17,39,4.55,169,11,95,13.4,223
92,200,104,9,0.63,147,34,72,14.99,287
51,192,35,63,7.78,20,11,36,10.22,472
178,179,6,48,4.2,111,10,59,14.85,302
110,183,20,18,2.47,79,21,32,10.07,423
15,207,13,18,3.86,132,18,71,11.14,303
189,210,77,14,6.89,43,37,77,6.14,307
35,327,42,18,2.58,110,42,56,6.78,112
73,275,79,39,1.7,154,31,98,2.59,87
235,202,58,79,1.21,113,34,95,12.43,82
196,136,60,46,2.52,49,27,80,14.0,30
193,301,90,7,6.28,28,15,98,9.54,245
68,215,101,36,3.88,76,27,53,5.48,346
118,53,104,15,1.97,91,25,89,2.73,257
207,71,113,73,1.5,73,24,36,4.34,283
238,131,91,62,2.8,92,17,39,4.2,188
130,271,49,16,7.53,56,22,92,9.4,316
42,101,113,55,2.88,15,16,78,14.2,95
190,251,38,28,7.91,25,26,88,1.2,432
159,246,13,14,3.98,155,41,52,0.51,338
30,252,92,32,1.6,48,31,97,9.2,489
207,240,12,36,7.15,122,22,36,4.62,487
79,61,11,61,3.79,149,32,76,13.27,124
121,40,40,7,5.74,147,38,20,5.25,282
13,61,22,70,7.87,80,31,32,4.7,179
103,132,7,59,0.59,119,10,46,4.41,52
84,124,32,50,0.95,64,38,89,2.6,273
199,211,74,24,5.82,138,14,78,8.93,244
71,36,112,35,2.4,58,44,25,2.94,428
103,139,48,27,1.64,173,19,42,6.66,439
104,148,25,48,0.51,30,28,29,7.18,160
161,149,32,6,0.37,46,16,70,0.8,372
64,79,108,21,6.24,125,44,38,0.74,177
146,67,58,7,1.25,33,22,70,8.04,410
140,48,58,71,3.85,64,19,87,10.59,138
40,116,69,60,4.93,34,11,61,14.16,69
49,29,104,65,3.54,144,15,76,3.1,150
238,261,25,19,0.41,136,17,87,2.0,324
45,333,111,5,6.31,102,34,57,1.26,149
161,251,103,18,0.28,103,16,81,6.82,485
232,296,17,15,6.14,80,32,26,9.54,47
15,303,61,79,7.17,131,28,90,12.69,198
75,222,53,14,3.58,33,31,69,10.4,227
221,266,58,8,4.38,20,22,71,3.52,440
229,309,14,45,3.92,82,30,45,7.2,172
84,283,57,16,3.24,21,10,45,13.7,66
13,233,48,20,7.12,44,28,38,5.24,215
88,219,51,64,7.17,150,42,28,7.73,290
143,98,57,36,2.82,32,13,80,14.4,260
127,192,78,36,5.0,92,12,39,11.15,283
122,88,50,20,7.43,176,36,69,11.34,358
103,106,17,21,7.7,97,44,99,4.16,420
239,120,41,36,4.17,89,37,41,6.51,326
188,27,106,33,3.73,106,15,32,1.69,497
71,219,28,49,2.37,149,15,31,9.29,39
194,106,6,45,7.68,43,32,29,2.0,475
203,62,90,25,1.31,84,42,84,12.62,439
88,128,85,62,4.72,168,25,49,12.31,353
212,171,104,18,2.4,137,33,27,8.24,259
145,36,18,72,2.38,150,14,40,2.55,53
35,152,14,51,3.36,40,22,41,0.87,107
188,167,39,66,7.99,139,21,37,12.05,454
182,296,29,33,0.63,112,14,85,9.2,222
53,251,7,37,4.71,24,40,67,10.81,430
142,333,115,14,0.84,66,37,63,4.91,138
79,247,106,71,1.41,84,37,28,7.89,309
163,158,21,59,3.63,43,39,86,11.33,440
127,230,16,15,4.18,112,27,73,7.21,292
77,47,58,38,2.22,84,36,45,9.22,358
28,70,28,69,2.67,38,44,45,11.95,392
221,280,33,41,0.88,25,35,53,3.62,384
234,280,47,60,2.57,176,27,27,1.46,407
29,27,29,17,7.74,86,42,29,8.21,297
122,339,104,63,7.57,46,34,67,1.4,370
149,157,64,5,2.81,90,40,74,11.62,288
56,57,94,46,4.65,158,11,73,10.93,364
10,130,106,29,7.29,133,42,97,13.28,114
99,239,69,67,0.25,28,41,59,9.77,39
151,242,88,32,6.52,111,27,34,1.47,318
73,155,32,4,7.6,145,26,37,4.17,331
47,275,20,9,0.91,86,43,42,12.22,88
46,348,51,25,1.46,50,16,81,2.92,337
135,68,85,16,7.69,70,44,65,10.63,291
148,311,108,44,4.39,35,39,58,11.81,415
109,343,96,32,0.31,80,21,34,5.29,314
86,97,62,74,2.21,112,44,72,5.17,148
244,124,80,46,3.71,79,20,83,8.59,197
12,188,31,67,5.6,116,13,82,12.99,382
170,236,57,9,5.92,166,34,99,3.75,218
143,138,46,72,7.96,116,41,35,14.15,481
187,209,63,58,2.44,112,29,89,9.19,280
19,274,51,31,4.4,28,40,85,14.89,353
14,285,98,75,4.36,77,13,32,1.8,442
160,168,109,19,3.36,79,10,66,2.34,258
147,183,38,70,1.52,122,12,28,12.49,219
181,159,41,40,7.82,66,31,82,13.04,345
139,277,10,61,6.86,174,26,53,6.96,153
22,288,11,44,4.09,70,23,48,10.85,113
177,200,100,46,4.91,101,44,56,13.08,326
139,179,100,24,1.97,39,22,62,1.13,244
93,307,29,70,4.44,162,44,83,8.82,266
74,307,37,7,5.62,136,11,43,12.88,495
72,245,59,57,4.22,124,22,90,6.27,142
110,30,62,5,7.92,15,25,53,4.88,246
82,29,11,24,4.97,27,27,67,12.04,350
26,290,61,7,3.09,19,16,31,5.37,275
18,292,16,33,6.22,101,39,42,0.55,477
212,202,20,19,1.53,148,16,98,14.41,364
152,172,84,16,3.2,86,24,32,9.09,348
161,334,47,41,2.91,110,28,64,12.38,461
47,143,104,74,3.57,93,11,84,12.47,433
172,133,81,75,6.3,61,22,66,1.46,403
103,297,11,7,3.98,40,40,77,2.98,66
104,232,104,64,6.39,154,25,24,5.01,93
58,191,115,68,4.7,119,15,96,5.15,248
78,307,55,12,2.87,102,37,24,10.05,371
71,193,77,44,6.52,173,41,79,9.54,418
197,132,36,18,2.06,163,19,40,7.67,63
245,141,79,5,1.95,62,27,43,3.56,68
187,51,12,64,4.14,154,13,37,6.04,96
87,241,101,69,2.23,95,18,40,8.38,238
126,138,91,42,0.27,162,16,73,7.29,347
129,58,93,6,5.26,11,17,29,2.35,373
212,287,76,33,4.19,95,16,43,9.92,181
146,252,49,71,3.68,142,12,79,1.56,416
171,37,90,36,7.74,13,26,76,5.98,394
85,168,63,23,4.66,173,11,42,10.8,228
236,168,8,66,6.93,15,24,41,0.79,118
44,145,108,23,1.29,158,38,87,8.76,277
10,321,71,12,4.64,127,31,53,5.35,352
49,257,33,78,6.97,98,13,89,0.63,108
73,154,109,4,4.75,163,15,47,3.26,463
159,170,33,10,5.8,176,35,58,14.14,314
69,255,102,61,3.1,170,20,61,8.06,359
73,243,102,77,0.92,23,35,42,14.96,61
102,222,32,15,3.77,65,26,89,8.11,116
81,275,81,19,3.28,90,33,99,8.39,68
20,105,83,74,6.96,158,37,21,6.18,422
114,169,91,24,2.1,55,44,43,5.0,130
238,254,48,75,7.74,153,40,36,4.15,273
23,41,94,48,7.67,25,22,84,5.48,261
69,304,8,70,2.13,129,44,89,7.17,427
39,288,94,48,2.91,93,25,88,3.28,97
44,277,108,31,7.19,166,24,79,3.76,221
222,48,13,26,7.74,17,27,69,4.44,433
174,232,9,29,3.66,97,36,31,7.01,57
14,302,60,26,2.7,140,44,66,9.97,299
92,69,100,75,4.3,28,44,86,12.91,457
132,114,88,79,5.56,106,37,84,4.66,255
87,107,54,59,2.33,75,18,46,3.16,106
163,63,79,42,5.94,88,21,67,5.99,252
71,297,19,26,0.6,95,24,81,13.47,401
141,190,36,79,0.58,133,30,63,0.64,196
98,208,32,49,3.21,159,44,38,10.33,313
246,203,26,11,2.96,55,42,78,7.42,221
51,22,109,76,2.66,122,28,27,2.84,118
98,210,21,12,4.03,100,32,74,5.15,61
155,137,63,22,2.7,150,22,66,3.76,166
49,38,94,46,1.7,42,10,21,13.23,185
81,42,112,8,2.61,142,38,58,7.49,279
48,49,75,65,7.8,86,33,64,8.66,124
113,314,110,65,3.41,164,25,51,9.11,46
23,127,61,3,3.67,130,34,84,9.77,146
41,300,30,77,4.7,137,32,57,7.69,362
188,147,29,43,7.87,87,37,96,0.76,340
134,248,14,55,2.08,161,25,30,5.35,39
175,130,49,76,5.51,76,20,29,3.17,109
106,155,87,17,5.78,124,12,78,10.36,163
32,205,15,19,4.94,72,24,74,1.32,461
72,163,81,60,0.89,122,10,39,8.68,232
152,91,57,17,5.48,103,16,36,3.55,145
234,148,76,7,0.7,57,10,87,14.26,480
162,280,108,58,4.85,21,41,24,5.37,249
154,22,72,48,5.97,165,18,79,5.22,282
234,123,115,49,1.85,154,38,42,13.89,198
248,243,99,43,6.76,49,35,65,6.55,364
203,339,32,77,0.44,94,32,71,14.46,345
215,29,79,61,6.78,66,38,29,0.85,234
62,321,111,78,3.79,96,42,65,4.94,327
113,250,69,5,1.9,93,16,47,10.16,401
113,238,53,3,1.24,130,21,62,13.42,277
188,85,51,60,7.64,83,40,45,4.22,394
48,131,56,28,0.77,116,41,74,13.99,494
188,32,106,28,1.75,133,29,67,9.11,100
207,105,92,73,2.91,109,26,48,12.11,185
143,253,58,8,5.04,52,12,46,6.26,131
76,109,64,64,4.45,128,10,37,3.58,42
144,333,61,47,1.18,32,36,79,13.71,494
188,73,51,64,2.46,164,42,93,14.03,300
209,31,35,13,2.06,46,29,88,7.71,321
51,228,109,14,1.87,143,23,93,0.59,249
201,33,50,44,3.41,74,14,40,2.09,44
24,140,118,18,5.69,143,32,43,8.81,267
120,39,30,64,1.9,31,24,22,0.84,146
166,94,117,37,3.06,114,15,81,6.26,360
42,262,118,9,3.25,97,42,21,4.9,85
231,242,9,70,7.82,162,28,85,10.86,380
240,89,88,37,7.65,134,22,61,1.31,161
164,331,56,29,6.44,88,38,53,7.59,255
173,230,109,48,2.08,99,15,61,8.9,337
166,120,79,77,0.73,60,24,39,9.45,423
47,205,58,31,2.67,111,25,87,6.37,251
194,151,37,24,2.28,115,33,64,4.91,202
106,130,54,17,4.15,69,32,94,10.4,369
238,151,42,15,6.27,55,19,61,12.79,314
164,39,31,75,6.89,45,26,66,10.56,338
192,43,102,72,6.79,175,39,24,14.02,186
42,246,19,53,3.01,20,19,68,10.9,180
205,173,100,38,5.56,21,28,56,11.59,214
95,312,65,30,2.64,179,38,53,2.93,207
75,249,25,68,0.68,48,11,92,6.58,50
19,329,50,16,5.67,148,28,89,7.53,141
14,221,73,48,0.28,45,16,37,4.22,200
132,57,10,47,3.39,61,35,97,8.16,167
83,279,42,53,2.77,40,24,38,4.72,262
106,207,66,20,5.61,42,12,97,10.47,361
127,76,90,78,6.18,150,25,59,7.32,59
47,39,66,22,2.57,155,11,36,7.15,410
150,292,86,65,6.53,178,40,79,14.76,336
168,138,82,38,2.49,67,37,61,6.19,190
56,90,78,28,3.68,161,16,91,5.75,431
237,23,50,56,5.87,137,39,84,5.12,107
118,240,17,30,5.6,40,16,72,13.47,307
225,33,99,21,7.9,64,38,26,7.7,349
189,22,98,26,1.96,19,33,24,9.2,50
193,235,7,71,5.37,139,13,43,3.12,414
24,248,98,64,4.96,24,38,47,8.34,392
166,205,10,37,7.34,12,14,81,4.48,401
145,74,97,3,1.42,52,38,36,11.09,409
14,273,12,23,6.06,168,39,39,12.57,172
166,43,48,17,4.63,76,38,22,10.86,65
56,181,113,19,2.34,65,35,56,11.09,332
77,177,111,70,3.9,72,28,34,7.93,467
85,101,112,55,2.8,24,35,70,10.83,243
182,178,37,31,4.72,118,36,67,6.63,61
139,207,85,46,7.13,125,39,27,9.95,215
164,79,116,20,4.64,101,39,32,4.26,203
104,324,79,35,5.13,147,12,67,1.51,83
124,338,81,14,4.25,175,16,22,6.5,190
173,230,54,44,0.6,56,18,84,7.2,279
45,171,15,63,2.02,66,22,92,4.22,280
35,128,99,23,4.04,59,24,50,11.05,452
52,95,32,53,2.62,80,14,45,1.57,308
36,49,112,53,1.62,152,38,75,3.73,200
78,333,74,37,4.13,155,44,53,11.35,212
157,136,45,74,2.72,91,36,28,6.84,31
20,211,20,20,2.21,125,36,81,10.73,223
83,38,72,39,3.82,114,17,32,8.73,195
113,192,103,71,1.24,97,41,88,14.29,276
47,247,52,58,7.44,11,29,60,9.17,442
143,202,60,21,6.97,113,19,96,0.72,273
209,132,68,10,5.72,93,22,20,5.62,139
32,202,63,33,1.03,52,38,66,2.57,409
56,165,94,5,6.25,163,44,23,13.91,352
99,338,66,51,6.5,80,17,82,2.01,100
55,135,80,6,6.19,175,38,71,6.12,193
116,132,15,21,1.09,103,40,29,3.78,314
149,270,105,76,5.22,51,39,47,12.78,404
227,270,93,38,6.71,142,31,25,4.97,450
150,322,22,23,4.7,148,30,46,14.88,142
113,332,23,59,5.24,74,21,31,1.06,257
199,137,91,69,3.78,43,20,81,2.36,330
219,320,59,45,4.32,129,11,71,3.76,45
226,180,106,35,0.47,10,11,67,12.26,60
234,217,86,78,5.18,139,43,86,13.24,191
120,279,30,43,0.84,157,12,65,1.54,335
113,167,10,10,3.59,70,25,93,0.97,222
69,259,8,8,2.48,158,13,34,11.3,239
180,66,112,69,4.45,97,32,90,2.43,407
213,217,119,20,1.24,77,29,55,2.43,475
245,66,33,32,5.59,136,34,33,0.82,261
109,97,63,36,6.4,149,39,97,1.22,456
249,143,102,58,1.47,31,27,22,4.32,213
77,94,21,62,1.01,157,20,86,1.44,44
142,156,111,32,1.34,91,38,38,5.85,461
129,109,47,54,7.04,138,26,95,12.58,334
46,344,84,33,4.32,39,35,73,5.23,238
81,80,70,67,3.84,135,32,88,11.05,201
136,157,38,60,1.03,106,29,29,1.86,295
115,69,12,11,5.27,33,11,52,10.06,49
101,278,17,3,6.97,23,33,32,5.09,99
40,126,110,67,6.66,45,40,70,11.37,37
131,132,12,61,5.08,33,36,51,2.48,458
146,273,98,18,0.79,104,11,94,13.52,63
60,137,100,17,1.08,64,23,43,4.02,253
38,217,104,17,0.58,33,13,54,5.62,208
215,70,115,47,2.21,161,22,89,14.28,275
49,264,98,40,1.26,35,44,59,8.89,289
